student_no,real_name,reason
S00027,赵琳,成绩低于60分且存在缺勤记录
S00028,周芳洁,成绩低于60分且存在缺勤记录
S00028,周芳洁,成绩低于60分且存在缺勤记录
S00039,杨琪媛,成绩低于60分且存在缺勤记录
S00040,孙慧雪,成绩低于60分且存在缺勤记录
S00040,孙慧雪,成绩低于60分且存在缺勤记录
S00043,卫博,成绩低于60分且存在缺勤记录
S00043,卫博,成绩低于60分且存在缺勤记录
S00049,韩勇,成绩低于60分且存在缺勤记录
S00049,韩勇,成绩低于60分且存在缺勤记录
S00070,钱燕雪,成绩低于60分且存在缺勤记录
S00074,孔娜倩,成绩低于60分且存在缺勤记录
S00074,孔娜倩,成绩低于60分且存在缺勤记录
S00074,孔娜倩,成绩低于60分且存在缺勤记录
S00074,孔娜倩,成绩低于60分且存在缺勤记录
S00074,孔娜倩,成绩低于60分且存在缺勤记录
S00074,孔娜倩,成绩低于60分且存在缺勤记录
S00081,周颖,成绩低于60分且存在缺勤记录
S00081,周颖,成绩低于60分且存在缺勤记录
S00092,孙鑫,成绩低于60分且存在缺勤记录
S00093,孙丹,成绩低于60分且存在缺勤记录
S00111,孙雪,成绩低于60分且存在缺勤记录
S00119,Mia,成绩低于60分且存在缺勤记录
S00119,Mia,成绩低于60分且存在缺勤记录
S00123,孙洋,成绩低于60分且存在缺勤记录
S00123,孙洋,成绩低于60分且存在缺勤记录
S00123,孙洋,成绩低于60分且存在缺勤记录
S00123,孙洋,成绩低于60分且存在缺勤记录
S00124,魏涛,成绩低于60分且存在缺勤记录
S00127,何琪雅,成绩低于60分且存在缺勤记录
S00141,张雪婷,成绩低于60分且存在缺勤记录
S00141,张雪婷,成绩低于60分且存在缺勤记录
S00145,尤斌勇,成绩低于60分且存在缺勤记录
S00145,尤斌勇,成绩低于60分且存在缺勤记录
S00145,尤斌勇,成绩低于60分且存在缺勤记录
S00145,尤斌勇,成绩低于60分且存在缺勤记录
S00149,沈航峰,成绩低于60分且存在缺勤记录
S00163,秦超,成绩低于60分且存在缺勤记录
S00182,蒋宇昊,成绩低于60分且存在缺勤记录
S00208,何娜娜,成绩低于60分且存在缺勤记录
S00208,何娜娜,成绩低于60分且存在缺勤记录
S00215,张娜,成绩低于60分且存在缺勤记录
S00215,张娜,成绩低于60分且存在缺勤记录
S00216,姜敏,成绩低于60分且存在缺勤记录
S00226,陈晨,成绩低于60分且存在缺勤记录
S00226,陈晨,成绩低于60分且存在缺勤记录
S00231,蒋婷颖,成绩低于60分且存在缺勤记录
S00235,许强,成绩低于60分且存在缺勤记录
S00235,许强,成绩低于60分且存在缺勤记录
S00235,许强,成绩低于60分且存在缺勤记录
S00239,张峰,成绩低于60分且存在缺勤记录
S00240,冯欣,成绩低于60分且存在缺勤记录
S00245,吴媛,成绩低于60分且存在缺勤记录
S00245,吴媛,成绩低于60分且存在缺勤记录
S00245,吴媛,成绩低于60分且存在缺勤记录
S00245,吴媛,成绩低于60分且存在缺勤记录
S00254,朱艳燕,成绩低于60分且存在缺勤记录
S00254,朱艳燕,成绩低于60分且存在缺勤记录
S00254,朱艳燕,成绩低于60分且存在缺勤记录
S00254,朱艳燕,成绩低于60分且存在缺勤记录
S00256,钱欣,成绩低于60分且存在缺勤记录
S00257,钱强磊,成绩低于60分且存在缺勤记录
S00257,钱强磊,成绩低于60分且存在缺勤记录
S00257,钱强磊,成绩低于60分且存在缺勤记录
S00257,钱强磊,成绩低于60分且存在缺勤记录
S00257,钱强磊,成绩低于60分且存在缺勤记录
S00277,华超强,成绩低于60分且存在缺勤记录
S00277,华超强,成绩低于60分且存在缺勤记录
S00293,许雅,成绩低于60分且存在缺勤记录
S00301,李强,成绩低于60分且存在缺勤记录
S00301,李强,成绩低于60分且存在缺勤记录
S00304,严琳芳,成绩低于60分且存在缺勤记录
S00304,严琳芳,成绩低于60分且存在缺勤记录
S00337,魏琳,成绩低于60分且存在缺勤记录
S00348,周伟宇,成绩低于60分且存在缺勤记录
S00373,施琪婷,成绩低于60分且存在缺勤记录
S00373,施琪婷,成绩低于60分且存在缺勤记录
S00373,施琪婷,成绩低于60分且存在缺勤记录
S00373,施琪婷,成绩低于60分且存在缺勤记录
S00385,孙燕,成绩低于60分且存在缺勤记录
S00391,朱超鑫,成绩低于60分且存在缺勤记录
S00399,孙涛,成绩低于60分且存在缺勤记录
S00399,孙涛,成绩低于60分且存在缺勤记录
S00414,韩丹丽,成绩低于60分且存在缺勤记录
S00414,韩丹丽,成绩低于60分且存在缺勤记录
S00414,韩丹丽,成绩低于60分且存在缺勤记录
S00423,金勇,成绩低于60分且存在缺勤记录
S00438,钱芳,成绩低于60分且存在缺勤记录
S00438,钱芳,成绩低于60分且存在缺勤记录
S00449,严艳,成绩低于60分且存在缺勤记录
S00449,严艳,成绩低于60分且存在缺勤记录
S00459,吕倩琳,成绩低于60分且存在缺勤记录
S00459,吕倩琳,成绩低于60分且存在缺勤记录
S00465,王媛琳,成绩低于60分且存在缺勤记录
S00467,姜博,成绩低于60分且存在缺勤记录
S00471,蒋涛,成绩低于60分且存在缺勤记录
S00479,杨军,成绩低于60分且存在缺勤记录
S00479,杨军,成绩低于60分且存在缺勤记录
S00528,Ava,成绩低于60分且存在缺勤记录
S00528,Ava,成绩低于60分且存在缺勤记录
S00544,孙皓,成绩低于60分且存在缺勤记录
S00544,孙皓,成绩低于60分且存在缺勤记录
S00544,孙皓,成绩低于60分且存在缺勤记录
S00544,孙皓,成绩低于60分且存在缺勤记录
S00559,Liam,成绩低于60分且存在缺勤记录
S00589,何浩磊,成绩低于60分且存在缺勤记录
S00589,何浩磊,成绩低于60分且存在缺勤记录
S00589,何浩磊,成绩低于60分且存在缺勤记录
S00589,何浩磊,成绩低于60分且存在缺勤记录
S00593,朱静,成绩低于60分且存在缺勤记录
S00639,王鑫,成绩低于60分且存在缺勤记录
S00641,何军伟,成绩低于60分且存在缺勤记录
S00641,何军伟,成绩低于60分且存在缺勤记录
S00643,孙颖,成绩低于60分且存在缺勤记录
S00643,孙颖,成绩低于60分且存在缺勤记录
S00643,孙颖,成绩低于60分且存在缺勤记录
S00648,钱凯,成绩低于60分且存在缺勤记录
S00648,钱凯,成绩低于60分且存在缺勤记录
S00653,姜倩,成绩低于60分且存在缺勤记录
S00673,卫媛,成绩低于60分且存在缺勤记录
S00673,卫媛,成绩低于60分且存在缺勤记录
S00673,卫媛,成绩低于60分且存在缺勤记录
S00705,姜雅,成绩低于60分且存在缺勤记录
S00705,姜雅,成绩低于60分且存在缺勤记录
S00705,姜雅,成绩低于60分且存在缺勤记录
S00705,姜雅,成绩低于60分且存在缺勤记录
S00705,姜雅,成绩低于60分且存在缺勤记录
S00705,姜雅,成绩低于60分且存在缺勤记录
S00716,尤雪,成绩低于60分且存在缺勤记录
S00716,尤雪,成绩低于60分且存在缺勤记录
S00727,韩皓凯,成绩低于60分且存在缺勤记录
S00727,韩皓凯,成绩低于60分且存在缺勤记录
S00727,韩皓凯,成绩低于60分且存在缺勤记录
S00730,曹凯,成绩低于60分且存在缺勤记录
S00730,曹凯,成绩低于60分且存在缺勤记录
S00739,秦鹏,成绩低于60分且存在缺勤记录
S00739,秦鹏,成绩低于60分且存在缺勤记录
S00745,孙浩,成绩低于60分且存在缺勤记录
S00745,孙浩,成绩低于60分且存在缺勤记录
S00745,孙浩,成绩低于60分且存在缺勤记录
S00795,王丽丹,成绩低于60分且存在缺勤记录
S00802,王勇,成绩低于60分且存在缺勤记录
S00802,王勇,成绩低于60分且存在缺勤记录
S00802,王勇,成绩低于60分且存在缺勤记录
S00810,金斌,成绩低于60分且存在缺勤记录
S00818,华雪媛,成绩低于60分且存在缺勤记录
S00826,周颖娜,成绩低于60分且存在缺勤记录
S00826,周颖娜,成绩低于60分且存在缺勤记录
S00826,周颖娜,成绩低于60分且存在缺勤记录
S00829,尤静,成绩低于60分且存在缺勤记录
S00837,蒋超,成绩低于60分且存在缺勤记录
S00838,赵洁琳,成绩低于60分且存在缺勤记录
S00838,赵洁琳,成绩低于60分且存在缺勤记录
S00851,Mia,成绩低于60分且存在缺勤记录
S00851,Mia,成绩低于60分且存在缺勤记录
S00863,魏琪雅,成绩低于60分且存在缺勤记录
S00872,严杰,成绩低于60分且存在缺勤记录
S00886,李欣,成绩低于60分且存在缺勤记录
S00900,朱超浩,成绩低于60分且存在缺勤记录
S00900,朱超浩,成绩低于60分且存在缺勤记录
S00900,朱超浩,成绩低于60分且存在缺勤记录
S00902,许皓航,成绩低于60分且存在缺勤记录
S00912,吴敏,成绩低于60分且存在缺勤记录
S00934,陈琳,成绩低于60分且存在缺勤记录
S00934,陈琳,成绩低于60分且存在缺勤记录
S00959,杨博浩,成绩低于60分且存在缺勤记录
S00961,王媛雪,成绩低于60分且存在缺勤记录
S00961,王媛雪,成绩低于60分且存在缺勤记录
S00972,吴强,成绩低于60分且存在缺勤记录
S00975,Lucas,成绩低于60分且存在缺勤记录
S00975,Lucas,成绩低于60分且存在缺勤记录
S00990,Ethan,成绩低于60分且存在缺勤记录
S00990,Ethan,成绩低于60分且存在缺勤记录
S00990,Ethan,成绩低于60分且存在缺勤记录
S00991,钱芳,成绩低于60分且存在缺勤记录
S00991,钱芳,成绩低于60分且存在缺勤记录
S01005,尤敏,成绩低于60分且存在缺勤记录
S01005,尤敏,成绩低于60分且存在缺勤记录
S01005,尤敏,成绩低于60分且存在缺勤记录
S01028,赵燕,成绩低于60分且存在缺勤记录
S01061,张丹,成绩低于60分且存在缺勤记录
S01068,金静丹,成绩低于60分且存在缺勤记录
S01100,严倩欣,成绩低于60分且存在缺勤记录
S01100,严倩欣,成绩低于60分且存在缺勤记录
S01100,严倩欣,成绩低于60分且存在缺勤记录
S01101,卫斌,成绩低于60分且存在缺勤记录
S01101,卫斌,成绩低于60分且存在缺勤记录
S01105,金雪,成绩低于60分且存在缺勤记录
S01123,张慧,成绩低于60分且存在缺勤记录
S01128,陶静,成绩低于60分且存在缺勤记录
S01128,陶静,成绩低于60分且存在缺勤记录
S01131,吕娜,成绩低于60分且存在缺勤记录
S01131,吕娜,成绩低于60分且存在缺勤记录
S01136,吴杰,成绩低于60分且存在缺勤记录
S01146,Ava,成绩低于60分且存在缺勤记录
S01146,Ava,成绩低于60分且存在缺勤记录
S01152,施涛,成绩低于60分且存在缺勤记录
S01152,施涛,成绩低于60分且存在缺勤记录
S01176,魏浩军,成绩低于60分且存在缺勤记录
S01184,钱倩洁,成绩低于60分且存在缺勤记录
S01184,钱倩洁,成绩低于60分且存在缺勤记录
S01184,钱倩洁,成绩低于60分且存在缺勤记录
S01195,张洁,成绩低于60分且存在缺勤记录
S01199,杨欣,成绩低于60分且存在缺勤记录
S01199,杨欣,成绩低于60分且存在缺勤记录
S01226,严昊,成绩低于60分且存在缺勤记录
S01240,冯超,成绩低于60分且存在缺勤记录
S01252,金倩,成绩低于60分且存在缺勤记录
S01269,严浩,成绩低于60分且存在缺勤记录
S01269,严浩,成绩低于60分且存在缺勤记录
S01280,卫浩超,成绩低于60分且存在缺勤记录
S01291,周晨,成绩低于60分且存在缺勤记录
S01305,秦静,成绩低于60分且存在缺勤记录
S01305,秦静,成绩低于60分且存在缺勤记录
S01341,魏涛,成绩低于60分且存在缺勤记录
S01362,陶娜,成绩低于60分且存在缺勤记录
S01363,Emma,成绩低于60分且存在缺勤记录
S01363,Emma,成绩低于60分且存在缺勤记录
S01366,何凯斌,成绩低于60分且存在缺勤记录
S01366,何凯斌,成绩低于60分且存在缺勤记录
S01366,何凯斌,成绩低于60分且存在缺勤记录
S01367,陈超,成绩低于60分且存在缺勤记录
S01367,陈超,成绩低于60分且存在缺勤记录
S01370,孙丹,成绩低于60分且存在缺勤记录
S01386,郑琪,成绩低于60分且存在缺勤记录
S01396,孙静琳,成绩低于60分且存在缺勤记录
S01418,Sophia,成绩低于60分且存在缺勤记录
S01418,Sophia,成绩低于60分且存在缺勤记录
S01425,蒋萍,成绩低于60分且存在缺勤记录
S01425,蒋萍,成绩低于60分且存在缺勤记录
S01425,蒋萍,成绩低于60分且存在缺勤记录
S01426,陶媛,成绩低于60分且存在缺勤记录
S01426,陶媛,成绩低于60分且存在缺勤记录
S01429,韩雪,成绩低于60分且存在缺勤记录
S01434,华敏,成绩低于60分且存在缺勤记录
S01434,华敏,成绩低于60分且存在缺勤记录
S01451,魏倩,成绩低于60分且存在缺勤记录
S01451,魏倩,成绩低于60分且存在缺勤记录
S01463,陶敏媛,成绩低于60分且存在缺勤记录
S01463,陶敏媛,成绩低于60分且存在缺勤记录
S01463,陶敏媛,成绩低于60分且存在缺勤记录
S01479,陶宇涛,成绩低于60分且存在缺勤记录
S01496,曹静,成绩低于60分且存在缺勤记录
S01496,曹静,成绩低于60分且存在缺勤记录
S01500,冯燕,成绩低于60分且存在缺勤记录
S01530,周峰航,成绩低于60分且存在缺勤记录
S01534,褚勇,成绩低于60分且存在缺勤记录
S01534,褚勇,成绩低于60分且存在缺勤记录
S01534,褚勇,成绩低于60分且存在缺勤记录
S01541,Noah,成绩低于60分且存在缺勤记录
S01541,Noah,成绩低于60分且存在缺勤记录
S01541,Noah,成绩低于60分且存在缺勤记录
S01554,陶伟,成绩低于60分且存在缺勤记录
S01554,陶伟,成绩低于60分且存在缺勤记录
S01563,曹杰,成绩低于60分且存在缺勤记录
S01563,曹杰,成绩低于60分且存在缺勤记录
S01563,曹杰,成绩低于60分且存在缺勤记录
S01563,曹杰,成绩低于60分且存在缺勤记录
S01566,尤琪欣,成绩低于60分且存在缺勤记录
S01567,Emma,成绩低于60分且存在缺勤记录
S01567,Emma,成绩低于60分且存在缺勤记录
S01585,金静,成绩低于60分且存在缺勤记录
S01593,秦昊,成绩低于60分且存在缺勤记录
S01593,秦昊,成绩低于60分且存在缺勤记录
S01593,秦昊,成绩低于60分且存在缺勤记录
S01600,杨媛,成绩低于60分且存在缺勤记录
S01600,杨媛,成绩低于60分且存在缺勤记录
S01655,严慧娜,成绩低于60分且存在缺勤记录
S01655,严慧娜,成绩低于60分且存在缺勤记录
S01670,李皓军,成绩低于60分且存在缺勤记录
S01683,孔勇,成绩低于60分且存在缺勤记录
S01697,褚鹏,成绩低于60分且存在缺勤记录
S01697,褚鹏,成绩低于60分且存在缺勤记录
S01705,陶艳洁,成绩低于60分且存在缺勤记录
S01708,吴伟勇,成绩低于60分且存在缺勤记录
S01711,褚娜,成绩低于60分且存在缺勤记录
S01711,褚娜,成绩低于60分且存在缺勤记录
S01764,金琳芳,成绩低于60分且存在缺勤记录
S01764,金琳芳,成绩低于60分且存在缺勤记录
S01764,金琳芳,成绩低于60分且存在缺勤记录
S01770,尤斌,成绩低于60分且存在缺勤记录
S01770,尤斌,成绩低于60分且存在缺勤记录
S01789,沈婷,成绩低于60分且存在缺勤记录
S01789,沈婷,成绩低于60分且存在缺勤记录
S01792,韩浩,成绩低于60分且存在缺勤记录
S01792,韩浩,成绩低于60分且存在缺勤记录
S01792,韩浩,成绩低于60分且存在缺勤记录
S01820,周鹏皓,成绩低于60分且存在缺勤记录
S01820,周鹏皓,成绩低于60分且存在缺勤记录
S01820,周鹏皓,成绩低于60分且存在缺勤记录
S01820,周鹏皓,成绩低于60分且存在缺勤记录
S01831,曹娜,成绩低于60分且存在缺勤记录
S01848,许静,成绩低于60分且存在缺勤记录
S01848,许静,成绩低于60分且存在缺勤记录
S01861,曹雪,成绩低于60分且存在缺勤记录
S01885,李丽慧,成绩低于60分且存在缺勤记录
S01888,Ethan,成绩低于60分且存在缺勤记录
S01888,Ethan,成绩低于60分且存在缺勤记录
S01921,蒋磊磊,成绩低于60分且存在缺勤记录
S01927,吕敏,成绩低于60分且存在缺勤记录
S01927,吕敏,成绩低于60分且存在缺勤记录
S01927,吕敏,成绩低于60分且存在缺勤记录
S01928,冯颖艳,成绩低于60分且存在缺勤记录
S01928,冯颖艳,成绩低于60分且存在缺勤记录
S01944,王雪,成绩低于60分且存在缺勤记录
S01972,周鑫,成绩低于60分且存在缺勤记录
S01981,卫慧琪,成绩低于60分且存在缺勤记录
S01988,许勇,成绩低于60分且存在缺勤记录
S02015,韩皓,成绩低于60分且存在缺勤记录
S02015,韩皓,成绩低于60分且存在缺勤记录
S02020,魏浩,成绩低于60分且存在缺勤记录
S02020,魏浩,成绩低于60分且存在缺勤记录
S02036,秦静,成绩低于60分且存在缺勤记录
S02036,秦静,成绩低于60分且存在缺勤记录
S02036,秦静,成绩低于60分且存在缺勤记录
S02036,秦静,成绩低于60分且存在缺勤记录
S02050,陈强,成绩低于60分且存在缺勤记录
S02054,赵欣,成绩低于60分且存在缺勤记录
S02054,赵欣,成绩低于60分且存在缺勤记录
S02058,朱昊超,成绩低于60分且存在缺勤记录
S02064,陈琳艳,成绩低于60分且存在缺勤记录
S02064,陈琳艳,成绩低于60分且存在缺勤记录
S02064,陈琳艳,成绩低于60分且存在缺勤记录
S02076,钱航,成绩低于60分且存在缺勤记录
S02076,钱航,成绩低于60分且存在缺勤记录
S02077,严晨,成绩低于60分且存在缺勤记录
S02078,蒋媛,成绩低于60分且存在缺勤记录
S02078,蒋媛,成绩低于60分且存在缺勤记录
S02078,蒋媛,成绩低于60分且存在缺勤记录
S02087,吴超,成绩低于60分且存在缺勤记录
S02087,吴超,成绩低于60分且存在缺勤记录
S02096,Noah,成绩低于60分且存在缺勤记录
S02103,施伟,成绩低于60分且存在缺勤记录
S02111,Olivia,成绩低于60分且存在缺勤记录
S02121,王静倩,成绩低于60分且存在缺勤记录
S02121,王静倩,成绩低于60分且存在缺勤记录
S02126,杨静敏,成绩低于60分且存在缺勤记录
S02143,王芳,成绩低于60分且存在缺勤记录
S02143,王芳,成绩低于60分且存在缺勤记录
S02149,沈博,成绩低于60分且存在缺勤记录
S02174,陶伟涛,成绩低于60分且存在缺勤记录
S02174,陶伟涛,成绩低于60分且存在缺勤记录
S02186,陈鑫洋,成绩低于60分且存在缺勤记录
S02190,孙静,成绩低于60分且存在缺勤记录
S02190,孙静,成绩低于60分且存在缺勤记录
S02200,李丽,成绩低于60分且存在缺勤记录
S02200,李丽,成绩低于60分且存在缺勤记录
S02200,李丽,成绩低于60分且存在缺勤记录
S02200,李丽,成绩低于60分且存在缺勤记录
S02201,何艳倩,成绩低于60分且存在缺勤记录
S02201,何艳倩,成绩低于60分且存在缺勤记录
S02224,陶杰,成绩低于60分且存在缺勤记录
S02224,陶杰,成绩低于60分且存在缺勤记录
S02224,陶杰,成绩低于60分且存在缺勤记录
S02238,周博晨,成绩低于60分且存在缺勤记录
S02248,钱艳倩,成绩低于60分且存在缺勤记录
S02257,张芳,成绩低于60分且存在缺勤记录
S02266,秦萍,成绩低于60分且存在缺勤记录
S02268,冯峰浩,成绩低于60分且存在缺勤记录
S02268,冯峰浩,成绩低于60分且存在缺勤记录
S02269,钱洁,成绩低于60分且存在缺勤记录
S02276,钱丽,成绩低于60分且存在缺勤记录
S02307,卫超,成绩低于60分且存在缺勤记录
S02322,朱洁,成绩低于60分且存在缺勤记录
S02322,朱洁,成绩低于60分且存在缺勤记录
S02349,何晨,成绩低于60分且存在缺勤记录
S02352,孔浩,成绩低于60分且存在缺勤记录
S02352,孔浩,成绩低于60分且存在缺勤记录
S02352,孔浩,成绩低于60分且存在缺勤记录
S02373,Mia,成绩低于60分且存在缺勤记录
S02373,Mia,成绩低于60分且存在缺勤记录
S02383,朱军,成绩低于60分且存在缺勤记录
S02383,朱军,成绩低于60分且存在缺勤记录
S02384,姜艳,成绩低于60分且存在缺勤记录
S02384,姜艳,成绩低于60分且存在缺勤记录
S02390,吴敏,成绩低于60分且存在缺勤记录
S02401,Isabella,成绩低于60分且存在缺勤记录
S02401,Isabella,成绩低于60分且存在缺勤记录
S02415,严超,成绩低于60分且存在缺勤记录
S02418,卫倩,成绩低于60分且存在缺勤记录
S02418,卫倩,成绩低于60分且存在缺勤记录
S02423,孔航,成绩低于60分且存在缺勤记录
S02432,孙芳,成绩低于60分且存在缺勤记录
S02436,姜晨,成绩低于60分且存在缺勤记录
S02440,施航超,成绩低于60分且存在缺勤记录
S02463,沈航,成绩低于60分且存在缺勤记录
S02463,沈航,成绩低于60分且存在缺勤记录
S02470,何丹,成绩低于60分且存在缺勤记录
S02495,褚琪敏,成绩低于60分且存在缺勤记录
S02508,郑勇,成绩低于60分且存在缺勤记录
S02519,华浩勇,成绩低于60分且存在缺勤记录
S02519,华浩勇,成绩低于60分且存在缺勤记录
S02519,华浩勇,成绩低于60分且存在缺勤记录
S02524,韩燕,成绩低于60分且存在缺勤记录
S02532,许欣,成绩低于60分且存在缺勤记录
S02539,蒋雪,成绩低于60分且存在缺勤记录
S02539,蒋雪,成绩低于60分且存在缺勤记录
S02551,尤军鑫,成绩低于60分且存在缺勤记录
S02551,尤军鑫,成绩低于60分且存在缺勤记录
S02551,尤军鑫,成绩低于60分且存在缺勤记录
S02557,蒋丽,成绩低于60分且存在缺勤记录
S02557,蒋丽,成绩低于60分且存在缺勤记录
S02565,吕丹萍,成绩低于60分且存在缺勤记录
S02565,吕丹萍,成绩低于60分且存在缺勤记录
S02592,许倩,成绩低于60分且存在缺勤记录
S02604,孔萍,成绩低于60分且存在缺勤记录
S02604,孔萍,成绩低于60分且存在缺勤记录
S02604,孔萍,成绩低于60分且存在缺勤记录
S02620,钱斌,成绩低于60分且存在缺勤记录
S02620,钱斌,成绩低于60分且存在缺勤记录
S02621,冯昊,成绩低于60分且存在缺勤记录
S02639,吕强,成绩低于60分且存在缺勤记录
S02639,吕强,成绩低于60分且存在缺勤记录
S02639,吕强,成绩低于60分且存在缺勤记录
S02646,卫凯,成绩低于60分且存在缺勤记录
S02661,朱欣雅,成绩低于60分且存在缺勤记录
S02661,朱欣雅,成绩低于60分且存在缺勤记录
S02661,朱欣雅,成绩低于60分且存在缺勤记录
S02666,姜燕,成绩低于60分且存在缺勤记录
S02676,华倩,成绩低于60分且存在缺勤记录
S02676,华倩,成绩低于60分且存在缺勤记录
S02685,孙丽丹,成绩低于60分且存在缺勤记录
S02691,周艳敏,成绩低于60分且存在缺勤记录
S02700,孙倩,成绩低于60分且存在缺勤记录
S02700,孙倩,成绩低于60分且存在缺勤记录
S02707,金峰,成绩低于60分且存在缺勤记录
S02707,金峰,成绩低于60分且存在缺勤记录
S02724,赵伟,成绩低于60分且存在缺勤记录
S02724,赵伟,成绩低于60分且存在缺勤记录
S02724,赵伟,成绩低于60分且存在缺勤记录
S02724,赵伟,成绩低于60分且存在缺勤记录
S02731,孔媛,成绩低于60分且存在缺勤记录
S02736,Ethan,成绩低于60分且存在缺勤记录
S02741,冯琪,成绩低于60分且存在缺勤记录
S02741,冯琪,成绩低于60分且存在缺勤记录
S02769,华颖,成绩低于60分且存在缺勤记录
S02769,华颖,成绩低于60分且存在缺勤记录
S02769,华颖,成绩低于60分且存在缺勤记录
S02769,华颖,成绩低于60分且存在缺勤记录
S02787,金雪,成绩低于60分且存在缺勤记录
S02788,卫雪,成绩低于60分且存在缺勤记录
S02788,卫雪,成绩低于60分且存在缺勤记录
S02813,张敏,成绩低于60分且存在缺勤记录
S02837,王磊,成绩低于60分且存在缺勤记录
S02876,褚欣洁,成绩低于60分且存在缺勤记录
S02890,沈航,成绩低于60分且存在缺勤记录
S02890,沈航,成绩低于60分且存在缺勤记录
S02908,尤婷慧,成绩低于60分且存在缺勤记录
S02908,尤婷慧,成绩低于60分且存在缺勤记录
S02911,许勇晨,成绩低于60分且存在缺勤记录
S02911,许勇晨,成绩低于60分且存在缺勤记录
S02911,许勇晨,成绩低于60分且存在缺勤记录
S02911,许勇晨,成绩低于60分且存在缺勤记录
S02924,吕峰,成绩低于60分且存在缺勤记录
S02961,李燕,成绩低于60分且存在缺勤记录
S02961,李燕,成绩低于60分且存在缺勤记录
S02973,钱鹏,成绩低于60分且存在缺勤记录
S02973,钱鹏,成绩低于60分且存在缺勤记录
S03021,蒋皓,成绩低于60分且存在缺勤记录
S03056,赵晨,成绩低于60分且存在缺勤记录
S03056,赵晨,成绩低于60分且存在缺勤记录
S03062,王丽,成绩低于60分且存在缺勤记录
S03069,冯丹芳,成绩低于60分且存在缺勤记录
S03077,赵慧芳,成绩低于60分且存在缺勤记录
S03077,赵慧芳,成绩低于60分且存在缺勤记录
S03105,冯航,成绩低于60分且存在缺勤记录
S03108,吴萍,成绩低于60分且存在缺勤记录
S03108,吴萍,成绩低于60分且存在缺勤记录
S03114,张萍艳,成绩低于60分且存在缺勤记录
S03125,陶丽,成绩低于60分且存在缺勤记录
S03138,魏凯,成绩低于60分且存在缺勤记录
S03171,王强,成绩低于60分且存在缺勤记录
S03198,姜伟,成绩低于60分且存在缺勤记录
S03211,褚雅,成绩低于60分且存在缺勤记录
S03211,褚雅,成绩低于60分且存在缺勤记录
S03221,尤凯斌,成绩低于60分且存在缺勤记录
S03255,曹伟,成绩低于60分且存在缺勤记录
S03270,Olivia,成绩低于60分且存在缺勤记录
S03270,Olivia,成绩低于60分且存在缺勤记录
S03277,王博,成绩低于60分且存在缺勤记录
S03287,吕丽,成绩低于60分且存在缺勤记录
S03287,吕丽,成绩低于60分且存在缺勤记录
S03287,吕丽,成绩低于60分且存在缺勤记录
S03287,吕丽,成绩低于60分且存在缺勤记录
S03287,吕丽,成绩低于60分且存在缺勤记录
S03287,吕丽,成绩低于60分且存在缺勤记录
S03291,施颖,成绩低于60分且存在缺勤记录
S03294,陶慧,成绩低于60分且存在缺勤记录
S03332,赵洁丹,成绩低于60分且存在缺勤记录
S03357,沈磊,成绩低于60分且存在缺勤记录
S03357,沈磊,成绩低于60分且存在缺勤记录
S03374,金航,成绩低于60分且存在缺勤记录
S03374,金航,成绩低于60分且存在缺勤记录
S03374,金航,成绩低于60分且存在缺勤记录
S03378,孔丽,成绩低于60分且存在缺勤记录
S03378,孔丽,成绩低于60分且存在缺勤记录
S03385,姜凯,成绩低于60分且存在缺勤记录
S03385,姜凯,成绩低于60分且存在缺勤记录
S03385,姜凯,成绩低于60分且存在缺勤记录
S03385,姜凯,成绩低于60分且存在缺勤记录
S03387,吕雅,成绩低于60分且存在缺勤记录
S03391,姜娜,成绩低于60分且存在缺勤记录
S03391,姜娜,成绩低于60分且存在缺勤记录
S03406,Ava,成绩低于60分且存在缺勤记录
S03406,Ava,成绩低于60分且存在缺勤记录
S03415,沈丹,成绩低于60分且存在缺勤记录
S03418,孙昊,成绩低于60分且存在缺勤记录
S03461,许宇,成绩低于60分且存在缺勤记录
S03461,许宇,成绩低于60分且存在缺勤记录
S03461,许宇,成绩低于60分且存在缺勤记录
S03463,严芳,成绩低于60分且存在缺勤记录
S03463,严芳,成绩低于60分且存在缺勤记录
S03463,严芳,成绩低于60分且存在缺勤记录
S03484,Noah,成绩低于60分且存在缺勤记录
S03484,Noah,成绩低于60分且存在缺勤记录
S03484,Noah,成绩低于60分且存在缺勤记录
S03492,秦昊昊,成绩低于60分且存在缺勤记录
S03494,华浩,成绩低于60分且存在缺勤记录
S03498,陈颖欣,成绩低于60分且存在缺勤记录
S03498,陈颖欣,成绩低于60分且存在缺勤记录
S03499,秦浩,成绩低于60分且存在缺勤记录
S03533,吕媛,成绩低于60分且存在缺勤记录
S03534,华鑫,成绩低于60分且存在缺勤记录
S03549,Ethan,成绩低于60分且存在缺勤记录
S03568,严燕,成绩低于60分且存在缺勤记录
S03568,严燕,成绩低于60分且存在缺勤记录
S03611,华静,成绩低于60分且存在缺勤记录
S03611,华静,成绩低于60分且存在缺勤记录
S03611,华静,成绩低于60分且存在缺勤记录
S03616,严丽敏,成绩低于60分且存在缺勤记录
S03618,吴洁琳,成绩低于60分且存在缺勤记录
S03618,吴洁琳,成绩低于60分且存在缺勤记录
S03625,朱欣,成绩低于60分且存在缺勤记录
S03625,朱欣,成绩低于60分且存在缺勤记录
S03625,朱欣,成绩低于60分且存在缺勤记录
S03625,朱欣,成绩低于60分且存在缺勤记录
S03630,Lucas,成绩低于60分且存在缺勤记录
S03636,蒋军,成绩低于60分且存在缺勤记录
S03637,金皓,成绩低于60分且存在缺勤记录
S03637,金皓,成绩低于60分且存在缺勤记录
S03656,姜洋,成绩低于60分且存在缺勤记录
S03656,姜洋,成绩低于60分且存在缺勤记录
S03657,张倩倩,成绩低于60分且存在缺勤记录
S03657,张倩倩,成绩低于60分且存在缺勤记录
S03692,赵琳,成绩低于60分且存在缺勤记录
S03721,李婷,成绩低于60分且存在缺勤记录
S03733,魏雅,成绩低于60分且存在缺勤记录
S03733,魏雅,成绩低于60分且存在缺勤记录
S03733,魏雅,成绩低于60分且存在缺勤记录
S03733,魏雅,成绩低于60分且存在缺勤记录
S03736,蒋宇,成绩低于60分且存在缺勤记录
S03748,吴峰,成绩低于60分且存在缺勤记录
S03752,孔勇,成绩低于60分且存在缺勤记录
S03753,严娜,成绩低于60分且存在缺勤记录
S03757,张宇,成绩低于60分且存在缺勤记录
S03757,张宇,成绩低于60分且存在缺勤记录
S03765,Olivia,成绩低于60分且存在缺勤记录
S03776,杨敏,成绩低于60分且存在缺勤记录
S03776,杨敏,成绩低于60分且存在缺勤记录
S03787,陶博,成绩低于60分且存在缺勤记录
S03799,Olivia,成绩低于60分且存在缺勤记录
S03799,Olivia,成绩低于60分且存在缺勤记录
S03819,许鹏凯,成绩低于60分且存在缺勤记录
S03819,许鹏凯,成绩低于60分且存在缺勤记录
S03821,蒋丹,成绩低于60分且存在缺勤记录
S03827,孙涛,成绩低于60分且存在缺勤记录
S03827,孙涛,成绩低于60分且存在缺勤记录
S03843,吴勇,成绩低于60分且存在缺勤记录
S03847,Emma,成绩低于60分且存在缺勤记录
S03857,蒋军,成绩低于60分且存在缺勤记录
S03857,蒋军,成绩低于60分且存在缺勤记录
S03865,Ethan,成绩低于60分且存在缺勤记录
S03865,Ethan,成绩低于60分且存在缺勤记录
S03877,曹鹏晨,成绩低于60分且存在缺勤记录
S03877,曹鹏晨,成绩低于60分且存在缺勤记录
S03877,曹鹏晨,成绩低于60分且存在缺勤记录
S03890,尤强勇,成绩低于60分且存在缺勤记录
S03901,朱洋强,成绩低于60分且存在缺勤记录
S03913,孔浩,成绩低于60分且存在缺勤记录
S03913,孔浩,成绩低于60分且存在缺勤记录
S03925,卫超,成绩低于60分且存在缺勤记录
S03925,卫超,成绩低于60分且存在缺勤记录
S03927,张静,成绩低于60分且存在缺勤记录
S03933,陶涛鹏,成绩低于60分且存在缺勤记录
S03951,许丽,成绩低于60分且存在缺勤记录
S03954,姜雪,成绩低于60分且存在缺勤记录
S03954,姜雪,成绩低于60分且存在缺勤记录
S03956,尤敏,成绩低于60分且存在缺勤记录
S03956,尤敏,成绩低于60分且存在缺勤记录
S03960,周媛欣,成绩低于60分且存在缺勤记录
S03960,周媛欣,成绩低于60分且存在缺勤记录
S03960,周媛欣,成绩低于60分且存在缺勤记录
S03960,周媛欣,成绩低于60分且存在缺勤记录
S03969,孔颖,成绩低于60分且存在缺勤记录
S03969,孔颖,成绩低于60分且存在缺勤记录
S03980,张敏丽,成绩低于60分且存在缺勤记录
S04004,蒋鹏,成绩低于60分且存在缺勤记录
S04014,何航,成绩低于60分且存在缺勤记录
S04039,Sophia,成绩低于60分且存在缺勤记录
S04056,魏静,成绩低于60分且存在缺勤记录
S04060,赵鑫,成绩低于60分且存在缺勤记录
S04060,赵鑫,成绩低于60分且存在缺勤记录
S04060,赵鑫,成绩低于60分且存在缺勤记录
S04069,Isabella,成绩低于60分且存在缺勤记录
S04069,Isabella,成绩低于60分且存在缺勤记录
S04093,蒋丹,成绩低于60分且存在缺勤记录
S04093,蒋丹,成绩低于60分且存在缺勤记录
S04109,华丹,成绩低于60分且存在缺勤记录
S04109,华丹,成绩低于60分且存在缺勤记录
S04146,严磊宇,成绩低于60分且存在缺勤记录
S04146,严磊宇,成绩低于60分且存在缺勤记录
S04159,郑昊,成绩低于60分且存在缺勤记录
S04159,郑昊,成绩低于60分且存在缺勤记录
S04174,Ava,成绩低于60分且存在缺勤记录
S04174,Ava,成绩低于60分且存在缺勤记录
S04174,Ava,成绩低于60分且存在缺勤记录
S04174,Ava,成绩低于60分且存在缺勤记录
S04178,何雅,成绩低于60分且存在缺勤记录
S04193,孔皓浩,成绩低于60分且存在缺勤记录
S04193,孔皓浩,成绩低于60分且存在缺勤记录
S04196,姜婷欣,成绩低于60分且存在缺勤记录
S04238,郑媛,成绩低于60分且存在缺勤记录
S04238,郑媛,成绩低于60分且存在缺勤记录
S04238,郑媛,成绩低于60分且存在缺勤记录
S04238,郑媛,成绩低于60分且存在缺勤记录
S04262,孙雅,成绩低于60分且存在缺勤记录
S04263,王峰,成绩低于60分且存在缺勤记录
S04263,王峰,成绩低于60分且存在缺勤记录
S04294,施军,成绩低于60分且存在缺勤记录
S04321,吴婷,成绩低于60分且存在缺勤记录
S04376,施强,成绩低于60分且存在缺勤记录
S04376,施强,成绩低于60分且存在缺勤记录
S04391,曹涛,成绩低于60分且存在缺勤记录
S04396,秦颖,成绩低于60分且存在缺勤记录
S04396,秦颖,成绩低于60分且存在缺勤记录
S04417,沈强,成绩低于60分且存在缺勤记录
S04431,李斌,成绩低于60分且存在缺勤记录
S04431,李斌,成绩低于60分且存在缺勤记录
S04431,李斌,成绩低于60分且存在缺勤记录
S04432,姜琪,成绩低于60分且存在缺勤记录
S04462,尤敏,成绩低于60分且存在缺勤记录
S04468,王艳,成绩低于60分且存在缺勤记录
S04468,王艳,成绩低于60分且存在缺勤记录
S04471,吴峰,成绩低于60分且存在缺勤记录
S04471,吴峰,成绩低于60分且存在缺勤记录
S04471,吴峰,成绩低于60分且存在缺勤记录
S04479,周琳,成绩低于60分且存在缺勤记录
S04494,华琪萍,成绩低于60分且存在缺勤记录
S04494,华琪萍,成绩低于60分且存在缺勤记录
S04504,张婷慧,成绩低于60分且存在缺勤记录
S04505,赵宇,成绩低于60分且存在缺勤记录
S04505,赵宇,成绩低于60分且存在缺勤记录
S04526,钱航鹏,成绩低于60分且存在缺勤记录
S04526,钱航鹏,成绩低于60分且存在缺勤记录
S04534,吴萍艳,成绩低于60分且存在缺勤记录
S04559,严媛,成绩低于60分且存在缺勤记录
S04560,许博,成绩低于60分且存在缺勤记录
S04567,Liam,成绩低于60分且存在缺勤记录
S04579,金军,成绩低于60分且存在缺勤记录
S04579,金军,成绩低于60分且存在缺勤记录
S04584,华伟鑫,成绩低于60分且存在缺勤记录
S04584,华伟鑫,成绩低于60分且存在缺勤记录
S04627,沈萍静,成绩低于60分且存在缺勤记录
S04627,沈萍静,成绩低于60分且存在缺勤记录
S04659,孔静,成绩低于60分且存在缺勤记录
S04659,孔静,成绩低于60分且存在缺勤记录
S04659,孔静,成绩低于60分且存在缺勤记录
S04683,褚丹,成绩低于60分且存在缺勤记录
S04683,褚丹,成绩低于60分且存在缺勤记录
S04711,陶娜,成绩低于60分且存在缺勤记录
S04718,吕鑫,成绩低于60分且存在缺勤记录
S04722,姜峰,成绩低于60分且存在缺勤记录
S04722,姜峰,成绩低于60分且存在缺勤记录
S04722,姜峰,成绩低于60分且存在缺勤记录
S04723,魏鹏,成绩低于60分且存在缺勤记录
S04723,魏鹏,成绩低于60分且存在缺勤记录
S04723,魏鹏,成绩低于60分且存在缺勤记录
S04727,Ava,成绩低于60分且存在缺勤记录
S04727,Ava,成绩低于60分且存在缺勤记录
S04727,Ava,成绩低于60分且存在缺勤记录
S04733,郑静,成绩低于60分且存在缺勤记录
S04734,Ethan,成绩低于60分且存在缺勤记录
S04736,郑琪,成绩低于60分且存在缺勤记录
S04736,郑琪,成绩低于60分且存在缺勤记录
S04736,郑琪,成绩低于60分且存在缺勤记录
S04736,郑琪,成绩低于60分且存在缺勤记录
S04768,褚昊,成绩低于60分且存在缺勤记录
S04771,Ethan,成绩低于60分且存在缺勤记录
S04771,Ethan,成绩低于60分且存在缺勤记录
S04786,王雪,成绩低于60分且存在缺勤记录
S04786,王雪,成绩低于60分且存在缺勤记录
S04807,赵婷倩,成绩低于60分且存在缺勤记录
S04807,赵婷倩,成绩低于60分且存在缺勤记录
S04807,赵婷倩,成绩低于60分且存在缺勤记录
S04828,严静,成绩低于60分且存在缺勤记录
S04828,严静,成绩低于60分且存在缺勤记录
S04829,秦琪雪,成绩低于60分且存在缺勤记录
S04838,严磊,成绩低于60分且存在缺勤记录
S04860,沈超,成绩低于60分且存在缺勤记录
S04867,蒋雅,成绩低于60分且存在缺勤记录
S04867,蒋雅,成绩低于60分且存在缺勤记录
S04873,许宇,成绩低于60分且存在缺勤记录
S04873,许宇,成绩低于60分且存在缺勤记录
S04897,张昊斌,成绩低于60分且存在缺勤记录
S04899,姜娜颖,成绩低于60分且存在缺勤记录
S04899,姜娜颖,成绩低于60分且存在缺勤记录
S04909,许萍倩,成绩低于60分且存在缺勤记录
S04946,何鹏昊,成绩低于60分且存在缺勤记录
S04951,陈倩,成绩低于60分且存在缺勤记录
S04951,陈倩,成绩低于60分且存在缺勤记录
S04958,钱丹,成绩低于60分且存在缺勤记录
S04958,钱丹,成绩低于60分且存在缺勤记录
S04969,吴颖,成绩低于60分且存在缺勤记录
S04974,张博凯,成绩低于60分且存在缺勤记录
S04974,张博凯,成绩低于60分且存在缺勤记录
S04975,褚凯,成绩低于60分且存在缺勤记录
S04991,Olivia,成绩低于60分且存在缺勤记录
S04992,郑雪,成绩低于60分且存在缺勤记录
S04992,郑雪,成绩低于60分且存在缺勤记录
S04996,蒋萍丹,成绩低于60分且存在缺勤记录
S04996,蒋萍丹,成绩低于60分且存在缺勤记录
S04996,蒋萍丹,成绩低于60分且存在缺勤记录
S04998,蒋博磊,成绩低于60分且存在缺勤记录
S04998,蒋博磊,成绩低于60分且存在缺勤记录
S04998,蒋博磊,成绩低于60分且存在缺勤记录
S05005,韩宇,成绩低于60分且存在缺勤记录
S05021,吕静,成绩低于60分且存在缺勤记录
S05022,张超,成绩低于60分且存在缺勤记录
S05022,张超,成绩低于60分且存在缺勤记录
S05038,Ethan,成绩低于60分且存在缺勤记录
S05067,沈磊,成绩低于60分且存在缺勤记录
S05081,姜娜,成绩低于60分且存在缺勤记录
S05081,姜娜,成绩低于60分且存在缺勤记录
S05090,褚雪,成绩低于60分且存在缺勤记录
S05090,褚雪,成绩低于60分且存在缺勤记录
S05109,Ethan,成绩低于60分且存在缺勤记录
S05117,钱琪,成绩低于60分且存在缺勤记录
S05117,钱琪,成绩低于60分且存在缺勤记录
S05123,郑雪雅,成绩低于60分且存在缺勤记录
S05123,郑雪雅,成绩低于60分且存在缺勤记录
S05123,郑雪雅,成绩低于60分且存在缺勤记录
S05123,郑雪雅,成绩低于60分且存在缺勤记录
S05127,曹琪,成绩低于60分且存在缺勤记录
S05173,曹鑫皓,成绩低于60分且存在缺勤记录
S05173,曹鑫皓,成绩低于60分且存在缺勤记录
S05201,王浩,成绩低于60分且存在缺勤记录
S05201,王浩,成绩低于60分且存在缺勤记录
S05202,何敏琳,成绩低于60分且存在缺勤记录
S05214,吴萍,成绩低于60分且存在缺勤记录
S05221,郑昊,成绩低于60分且存在缺勤记录
S05223,Isabella,成绩低于60分且存在缺勤记录
S05223,Isabella,成绩低于60分且存在缺勤记录
S05223,Isabella,成绩低于60分且存在缺勤记录
S05223,Isabella,成绩低于60分且存在缺勤记录
S05223,Isabella,成绩低于60分且存在缺勤记录
S05223,Isabella,成绩低于60分且存在缺勤记录
S05246,陶娜,成绩低于60分且存在缺勤记录
S05246,陶娜,成绩低于60分且存在缺勤记录
S05248,郑峰磊,成绩低于60分且存在缺勤记录
S05250,尤宇,成绩低于60分且存在缺勤记录
S05250,尤宇,成绩低于60分且存在缺勤记录
S05250,尤宇,成绩低于60分且存在缺勤记录
S05250,尤宇,成绩低于60分且存在缺勤记录
S05272,沈洁,成绩低于60分且存在缺勤记录
S05272,沈洁,成绩低于60分且存在缺勤记录
S05344,冯丽媛,成绩低于60分且存在缺勤记录
S05344,冯丽媛,成绩低于60分且存在缺勤记录
S05344,冯丽媛,成绩低于60分且存在缺勤记录
S05344,冯丽媛,成绩低于60分且存在缺勤记录
S05350,朱博,成绩低于60分且存在缺勤记录
S05352,尤勇,成绩低于60分且存在缺勤记录
S05352,尤勇,成绩低于60分且存在缺勤记录
S05353,韩鹏峰,成绩低于60分且存在缺勤记录
S05353,韩鹏峰,成绩低于60分且存在缺勤记录
S05354,钱雪倩,成绩低于60分且存在缺勤记录
S05354,钱雪倩,成绩低于60分且存在缺勤记录
S05365,陶颖雅,成绩低于60分且存在缺勤记录
S05365,陶颖雅,成绩低于60分且存在缺勤记录
S05374,Emma,成绩低于60分且存在缺勤记录
S05374,Emma,成绩低于60分且存在缺勤记录
S05389,张琪,成绩低于60分且存在缺勤记录
S05395,尤雪婷,成绩低于60分且存在缺勤记录
S05411,蒋娜雅,成绩低于60分且存在缺勤记录
S05411,蒋娜雅,成绩低于60分且存在缺勤记录
S05415,孙杰,成绩低于60分且存在缺勤记录
S05428,蒋洋,成绩低于60分且存在缺勤记录
S05433,张鹏,成绩低于60分且存在缺勤记录
S05445,吴慧丽,成绩低于60分且存在缺勤记录
S05448,王欣,成绩低于60分且存在缺勤记录
S05448,王欣,成绩低于60分且存在缺勤记录
S05454,周超,成绩低于60分且存在缺勤记录
S05454,周超,成绩低于60分且存在缺勤记录
S05454,周超,成绩低于60分且存在缺勤记录
S05456,孔军,成绩低于60分且存在缺勤记录
S05472,魏斌,成绩低于60分且存在缺勤记录
S05472,魏斌,成绩低于60分且存在缺勤记录
S05493,孙萍,成绩低于60分且存在缺勤记录
S05493,孙萍,成绩低于60分且存在缺勤记录
S05528,冯倩,成绩低于60分且存在缺勤记录
S05545,严燕娜,成绩低于60分且存在缺勤记录
S05545,严燕娜,成绩低于60分且存在缺勤记录
S05546,尤斌,成绩低于60分且存在缺勤记录
S05546,尤斌,成绩低于60分且存在缺勤记录
S05546,尤斌,成绩低于60分且存在缺勤记录
S05563,姜颖,成绩低于60分且存在缺勤记录
S05569,褚伟,成绩低于60分且存在缺勤记录
S05569,褚伟,成绩低于60分且存在缺勤记录
S05572,杨慧欣,成绩低于60分且存在缺勤记录
S05572,杨慧欣,成绩低于60分且存在缺勤记录
S05593,陈超,成绩低于60分且存在缺勤记录
S05593,陈超,成绩低于60分且存在缺勤记录
S05602,何博,成绩低于60分且存在缺勤记录
S05602,何博,成绩低于60分且存在缺勤记录
S05603,蒋斌,成绩低于60分且存在缺勤记录
S05608,韩倩,成绩低于60分且存在缺勤记录
S05608,韩倩,成绩低于60分且存在缺勤记录
S05622,杨欣,成绩低于60分且存在缺勤记录
S05622,杨欣,成绩低于60分且存在缺勤记录
S05622,杨欣,成绩低于60分且存在缺勤记录
S05640,秦浩磊,成绩低于60分且存在缺勤记录
S05640,秦浩磊,成绩低于60分且存在缺勤记录
S05653,陈斌峰,成绩低于60分且存在缺勤记录
S05653,陈斌峰,成绩低于60分且存在缺勤记录
S05688,Isabella,成绩低于60分且存在缺勤记录
S05688,Isabella,成绩低于60分且存在缺勤记录
S05699,朱丽慧,成绩低于60分且存在缺勤记录
S05700,魏航,成绩低于60分且存在缺勤记录
S05739,秦鹏,成绩低于60分且存在缺勤记录
S05739,秦鹏,成绩低于60分且存在缺勤记录
S05739,秦鹏,成绩低于60分且存在缺勤记录
S05739,秦鹏,成绩低于60分且存在缺勤记录
S05742,陈媛,成绩低于60分且存在缺勤记录
S05742,陈媛,成绩低于60分且存在缺勤记录
S05753,吕芳静,成绩低于60分且存在缺勤记录
S05757,何婷,成绩低于60分且存在缺勤记录
S05792,魏昊,成绩低于60分且存在缺勤记录
S05797,褚颖颖,成绩低于60分且存在缺勤记录
S05797,褚颖颖,成绩低于60分且存在缺勤记录
S05797,褚颖颖,成绩低于60分且存在缺勤记录
S05797,褚颖颖,成绩低于60分且存在缺勤记录
S05810,曹强宇,成绩低于60分且存在缺勤记录
S05810,曹强宇,成绩低于60分且存在缺勤记录
S05828,周燕丹,成绩低于60分且存在缺勤记录
S05858,褚丽,成绩低于60分且存在缺勤记录
S05878,褚峰斌,成绩低于60分且存在缺勤记录
S05882,卫洋,成绩低于60分且存在缺勤记录
S05882,卫洋,成绩低于60分且存在缺勤记录
S05901,陶超,成绩低于60分且存在缺勤记录
S05901,陶超,成绩低于60分且存在缺勤记录
S05901,陶超,成绩低于60分且存在缺勤记录
S05922,金军,成绩低于60分且存在缺勤记录
S05940,沈丹,成绩低于60分且存在缺勤记录
S05940,沈丹,成绩低于60分且存在缺勤记录
S05948,张琳,成绩低于60分且存在缺勤记录
S05949,孙艳欣,成绩低于60分且存在缺勤记录
S05950,严皓,成绩低于60分且存在缺勤记录
S05950,严皓,成绩低于60分且存在缺勤记录
S05988,姜颖,成绩低于60分且存在缺勤记录
S05988,姜颖,成绩低于60分且存在缺勤记录
S06026,陶琳,成绩低于60分且存在缺勤记录
S06028,蒋强皓,成绩低于60分且存在缺勤记录
S06031,吴宇,成绩低于60分且存在缺勤记录
S06035,Emma,成绩低于60分且存在缺勤记录
S06056,褚丽,成绩低于60分且存在缺勤记录
S06056,褚丽,成绩低于60分且存在缺勤记录
S06061,王航军,成绩低于60分且存在缺勤记录
S06087,吴洁,成绩低于60分且存在缺勤记录
S06087,吴洁,成绩低于60分且存在缺勤记录
S06088,秦航鑫,成绩低于60分且存在缺勤记录
S06088,秦航鑫,成绩低于60分且存在缺勤记录
S06103,何琪,成绩低于60分且存在缺勤记录
S06103,何琪,成绩低于60分且存在缺勤记录
S06112,华浩,成绩低于60分且存在缺勤记录
S06112,华浩,成绩低于60分且存在缺勤记录
S06114,吴鹏勇,成绩低于60分且存在缺勤记录
S06114,吴鹏勇,成绩低于60分且存在缺勤记录
S06119,陶娜,成绩低于60分且存在缺勤记录
S06119,陶娜,成绩低于60分且存在缺勤记录
S06120,赵欣,成绩低于60分且存在缺勤记录
S06137,魏晨强,成绩低于60分且存在缺勤记录
S06137,魏晨强,成绩低于60分且存在缺勤记录
S06139,尤琳,成绩低于60分且存在缺勤记录
S06139,尤琳,成绩低于60分且存在缺勤记录
S06140,Mia,成绩低于60分且存在缺勤记录
S06161,Olivia,成绩低于60分且存在缺勤记录
S06161,Olivia,成绩低于60分且存在缺勤记录
S06161,Olivia,成绩低于60分且存在缺勤记录
S06199,金艳,成绩低于60分且存在缺勤记录
S06199,金艳,成绩低于60分且存在缺勤记录
S06199,金艳,成绩低于60分且存在缺勤记录
S06200,孙宇涛,成绩低于60分且存在缺勤记录
S06206,赵芳静,成绩低于60分且存在缺勤记录
S06206,赵芳静,成绩低于60分且存在缺勤记录
S06206,赵芳静,成绩低于60分且存在缺勤记录
S06213,郑琳,成绩低于60分且存在缺勤记录
S06213,郑琳,成绩低于60分且存在缺勤记录
S06213,郑琳,成绩低于60分且存在缺勤记录
S06213,郑琳,成绩低于60分且存在缺勤记录
S06214,严丽,成绩低于60分且存在缺勤记录
S06214,严丽,成绩低于60分且存在缺勤记录
S06216,王静欣,成绩低于60分且存在缺勤记录
S06216,王静欣,成绩低于60分且存在缺勤记录
S06228,周倩,成绩低于60分且存在缺勤记录
S06228,周倩,成绩低于60分且存在缺勤记录
S06228,周倩,成绩低于60分且存在缺勤记录
S06282,秦敏敏,成绩低于60分且存在缺勤记录
S06282,秦敏敏,成绩低于60分且存在缺勤记录
S06282,秦敏敏,成绩低于60分且存在缺勤记录
S06283,赵杰,成绩低于60分且存在缺勤记录
S06283,赵杰,成绩低于60分且存在缺勤记录
S06284,郑丹,成绩低于60分且存在缺勤记录
S06304,曹峰,成绩低于60分且存在缺勤记录
S06324,许皓,成绩低于60分且存在缺勤记录
S06324,许皓,成绩低于60分且存在缺勤记录
S06324,许皓,成绩低于60分且存在缺勤记录
S06355,Ava,成绩低于60分且存在缺勤记录
S06355,Ava,成绩低于60分且存在缺勤记录
S06359,冯凯鹏,成绩低于60分且存在缺勤记录
S06361,魏伟航,成绩低于60分且存在缺勤记录
S06361,魏伟航,成绩低于60分且存在缺勤记录
S06379,卫媛,成绩低于60分且存在缺勤记录
S06379,卫媛,成绩低于60分且存在缺勤记录
S06404,钱洋,成绩低于60分且存在缺勤记录
S06405,何宇,成绩低于60分且存在缺勤记录
S06470,何艳,成绩低于60分且存在缺勤记录
S06470,何艳,成绩低于60分且存在缺勤记录
S06470,何艳,成绩低于60分且存在缺勤记录
S06494,张倩燕,成绩低于60分且存在缺勤记录
S06510,王敏,成绩低于60分且存在缺勤记录
S06529,魏婷燕,成绩低于60分且存在缺勤记录
S06545,施洋,成绩低于60分且存在缺勤记录
S06545,施洋,成绩低于60分且存在缺勤记录
S06557,孔伟,成绩低于60分且存在缺勤记录
S06558,赵颖婷,成绩低于60分且存在缺勤记录
S06574,严强皓,成绩低于60分且存在缺勤记录
S06574,严强皓,成绩低于60分且存在缺勤记录
S06574,严强皓,成绩低于60分且存在缺勤记录
S06577,王峰晨,成绩低于60分且存在缺勤记录
S06600,杨磊航,成绩低于60分且存在缺勤记录
S06619,Emma,成绩低于60分且存在缺勤记录
S06619,Emma,成绩低于60分且存在缺勤记录
S06636,姜芳,成绩低于60分且存在缺勤记录
S06636,姜芳,成绩低于60分且存在缺勤记录
S06659,陶皓,成绩低于60分且存在缺勤记录
S06659,陶皓,成绩低于60分且存在缺勤记录
S06663,李杰,成绩低于60分且存在缺勤记录
S06673,孙芳,成绩低于60分且存在缺勤记录
S06690,卫媛芳,成绩低于60分且存在缺勤记录
S06703,褚洋,成绩低于60分且存在缺勤记录
S06703,褚洋,成绩低于60分且存在缺勤记录
S06705,Sophia,成绩低于60分且存在缺勤记录
S06705,Sophia,成绩低于60分且存在缺勤记录
S06705,Sophia,成绩低于60分且存在缺勤记录
S06705,Sophia,成绩低于60分且存在缺勤记录
S06727,曹倩洁,成绩低于60分且存在缺勤记录
S06744,何丹,成绩低于60分且存在缺勤记录
S06744,何丹,成绩低于60分且存在缺勤记录
S06772,姜磊,成绩低于60分且存在缺勤记录
S06772,姜磊,成绩低于60分且存在缺勤记录
S06772,姜磊,成绩低于60分且存在缺勤记录
S06786,褚娜敏,成绩低于60分且存在缺勤记录
S06786,褚娜敏,成绩低于60分且存在缺勤记录
S06789,蒋皓,成绩低于60分且存在缺勤记录
S06797,Liam,成绩低于60分且存在缺勤记录
S06800,陶航晨,成绩低于60分且存在缺勤记录
S06807,华倩,成绩低于60分且存在缺勤记录
S06811,金浩勇,成绩低于60分且存在缺勤记录
S06834,蒋磊,成绩低于60分且存在缺勤记录
S06834,蒋磊,成绩低于60分且存在缺勤记录
S06834,蒋磊,成绩低于60分且存在缺勤记录
S06834,蒋磊,成绩低于60分且存在缺勤记录
S06834,蒋磊,成绩低于60分且存在缺勤记录
S06834,蒋磊,成绩低于60分且存在缺勤记录
S06843,郑敏,成绩低于60分且存在缺勤记录
S06843,郑敏,成绩低于60分且存在缺勤记录
S06846,施颖,成绩低于60分且存在缺勤记录
S06846,施颖,成绩低于60分且存在缺勤记录
S06846,施颖,成绩低于60分且存在缺勤记录
S06852,吴浩凯,成绩低于60分且存在缺勤记录
S06852,吴浩凯,成绩低于60分且存在缺勤记录
S06853,张凯,成绩低于60分且存在缺勤记录
S06858,吕萍,成绩低于60分且存在缺勤记录
S06858,吕萍,成绩低于60分且存在缺勤记录
S06870,Isabella,成绩低于60分且存在缺勤记录
S06870,Isabella,成绩低于60分且存在缺勤记录
S06889,赵昊,成绩低于60分且存在缺勤记录
S06905,姜伟,成绩低于60分且存在缺勤记录
S06905,姜伟,成绩低于60分且存在缺勤记录
S06925,钱超,成绩低于60分且存在缺勤记录
S06929,尤雅,成绩低于60分且存在缺勤记录
S06954,何峰,成绩低于60分且存在缺勤记录
S06955,周萍倩,成绩低于60分且存在缺勤记录
S06955,周萍倩,成绩低于60分且存在缺勤记录
S06968,曹芳,成绩低于60分且存在缺勤记录
S06968,曹芳,成绩低于60分且存在缺勤记录
S06987,韩超,成绩低于60分且存在缺勤记录
S06987,韩超,成绩低于60分且存在缺勤记录
S06988,何强,成绩低于60分且存在缺勤记录
S06988,何强,成绩低于60分且存在缺勤记录
S06999,吕洁,成绩低于60分且存在缺勤记录
S07031,Olivia,成绩低于60分且存在缺勤记录
S07065,周欣,成绩低于60分且存在缺勤记录
S07076,Sophia,成绩低于60分且存在缺勤记录
S07076,Sophia,成绩低于60分且存在缺勤记录
S07078,沈雪,成绩低于60分且存在缺勤记录
S07078,沈雪,成绩低于60分且存在缺勤记录
S07095,周浩,成绩低于60分且存在缺勤记录
S07095,周浩,成绩低于60分且存在缺勤记录
S07102,陶静,成绩低于60分且存在缺勤记录
S07106,Ava,成绩低于60分且存在缺勤记录
S07106,Ava,成绩低于60分且存在缺勤记录
S07111,华娜雪,成绩低于60分且存在缺勤记录
S07111,华娜雪,成绩低于60分且存在缺勤记录
S07111,华娜雪,成绩低于60分且存在缺勤记录
S07111,华娜雪,成绩低于60分且存在缺勤记录
S07117,Mia,成绩低于60分且存在缺勤记录
S07117,Mia,成绩低于60分且存在缺勤记录
S07117,Mia,成绩低于60分且存在缺勤记录
S07117,Mia,成绩低于60分且存在缺勤记录
S07118,吴磊,成绩低于60分且存在缺勤记录
S07118,吴磊,成绩低于60分且存在缺勤记录
S07148,何芳,成绩低于60分且存在缺勤记录
S07148,何芳,成绩低于60分且存在缺勤记录
S07148,何芳,成绩低于60分且存在缺勤记录
S07151,冯凯,成绩低于60分且存在缺勤记录
S07184,Sophia,成绩低于60分且存在缺勤记录
S07184,Sophia,成绩低于60分且存在缺勤记录
S07206,何鑫,成绩低于60分且存在缺勤记录
S07206,何鑫,成绩低于60分且存在缺勤记录
S07216,吴芳,成绩低于60分且存在缺勤记录
S07223,韩勇涛,成绩低于60分且存在缺勤记录
S07234,尤博,成绩低于60分且存在缺勤记录
S07255,华婷,成绩低于60分且存在缺勤记录
S07260,秦洋,成绩低于60分且存在缺勤记录
S07260,秦洋,成绩低于60分且存在缺勤记录
S07285,金鹏,成绩低于60分且存在缺勤记录
S07285,金鹏,成绩低于60分且存在缺勤记录
S07285,金鹏,成绩低于60分且存在缺勤记录
S07288,曹皓,成绩低于60分且存在缺勤记录
S07288,曹皓,成绩低于60分且存在缺勤记录
S07290,孔伟,成绩低于60分且存在缺勤记录
S07290,孔伟,成绩低于60分且存在缺勤记录
S07294,施琳,成绩低于60分且存在缺勤记录
S07305,王静芳,成绩低于60分且存在缺勤记录
S07335,周芳燕,成绩低于60分且存在缺勤记录
S07335,周芳燕,成绩低于60分且存在缺勤记录
S07336,何洋昊,成绩低于60分且存在缺勤记录
S07363,何雪,成绩低于60分且存在缺勤记录
S07369,冯峰,成绩低于60分且存在缺勤记录
S07369,冯峰,成绩低于60分且存在缺勤记录
S07381,冯昊,成绩低于60分且存在缺勤记录
S07381,冯昊,成绩低于60分且存在缺勤记录
S07381,冯昊,成绩低于60分且存在缺勤记录
S07381,冯昊,成绩低于60分且存在缺勤记录
S07382,华欣,成绩低于60分且存在缺勤记录
S07382,华欣,成绩低于60分且存在缺勤记录
S07386,陈皓,成绩低于60分且存在缺勤记录
S07403,秦敏丽,成绩低于60分且存在缺勤记录
S07403,秦敏丽,成绩低于60分且存在缺勤记录
S07410,朱静,成绩低于60分且存在缺勤记录
S07423,金伟,成绩低于60分且存在缺勤记录
S07423,金伟,成绩低于60分且存在缺勤记录
S07433,魏晨,成绩低于60分且存在缺勤记录
S07433,魏晨,成绩低于60分且存在缺勤记录
S07433,魏晨,成绩低于60分且存在缺勤记录
S07434,秦媛,成绩低于60分且存在缺勤记录
S07444,吴晨宇,成绩低于60分且存在缺勤记录
S07451,王静慧,成绩低于60分且存在缺勤记录
S07493,陶杰,成绩低于60分且存在缺勤记录
S07493,陶杰,成绩低于60分且存在缺勤记录
S07493,陶杰,成绩低于60分且存在缺勤记录
S07500,施凯,成绩低于60分且存在缺勤记录
S07500,施凯,成绩低于60分且存在缺勤记录
S07505,Sophia,成绩低于60分且存在缺勤记录
S07523,沈婷,成绩低于60分且存在缺勤记录
S07523,沈婷,成绩低于60分且存在缺勤记录
S07532,卫颖,成绩低于60分且存在缺勤记录
S07547,Noah,成绩低于60分且存在缺勤记录
S07547,Noah,成绩低于60分且存在缺勤记录
S07559,吴杰皓,成绩低于60分且存在缺勤记录
S07559,吴杰皓,成绩低于60分且存在缺勤记录
S07559,吴杰皓,成绩低于60分且存在缺勤记录
S07571,褚晨,成绩低于60分且存在缺勤记录
S07571,褚晨,成绩低于60分且存在缺勤记录
S07571,褚晨,成绩低于60分且存在缺勤记录
S07591,曹芳丹,成绩低于60分且存在缺勤记录
S07591,曹芳丹,成绩低于60分且存在缺勤记录
S07597,杨欣,成绩低于60分且存在缺勤记录
S07612,杨杰航,成绩低于60分且存在缺勤记录
S07615,卫浩,成绩低于60分且存在缺勤记录
S07661,蒋昊,成绩低于60分且存在缺勤记录
S07661,蒋昊,成绩低于60分且存在缺勤记录
S07679,许芳,成绩低于60分且存在缺勤记录
S07679,许芳,成绩低于60分且存在缺勤记录
S07685,华慧娜,成绩低于60分且存在缺勤记录
S07690,尤丽,成绩低于60分且存在缺勤记录
S07690,尤丽,成绩低于60分且存在缺勤记录
S07733,沈军,成绩低于60分且存在缺勤记录
S07733,沈军,成绩低于60分且存在缺勤记录
S07748,朱洁欣,成绩低于60分且存在缺勤记录
S07748,朱洁欣,成绩低于60分且存在缺勤记录
S07748,朱洁欣,成绩低于60分且存在缺勤记录
S07763,张慧,成绩低于60分且存在缺勤记录
S07766,卫宇,成绩低于60分且存在缺勤记录
S07766,卫宇,成绩低于60分且存在缺勤记录
S07781,李丽,成绩低于60分且存在缺勤记录
S07781,李丽,成绩低于60分且存在缺勤记录
S07808,蒋斌,成绩低于60分且存在缺勤记录
S07808,蒋斌,成绩低于60分且存在缺勤记录
S07827,陶琳洁,成绩低于60分且存在缺勤记录
S07835,陈杰峰,成绩低于60分且存在缺勤记录
S07835,陈杰峰,成绩低于60分且存在缺勤记录
S07835,陈杰峰,成绩低于60分且存在缺勤记录
S07836,何凯,成绩低于60分且存在缺勤记录
S07836,何凯,成绩低于60分且存在缺勤记录
S07836,何凯,成绩低于60分且存在缺勤记录
S07840,李艳,成绩低于60分且存在缺勤记录
S07840,李艳,成绩低于60分且存在缺勤记录
S07848,王洁,成绩低于60分且存在缺勤记录
S07887,尤磊鑫,成绩低于60分且存在缺勤记录
S07901,钱媛,成绩低于60分且存在缺勤记录
S07905,姜军航,成绩低于60分且存在缺勤记录
S07905,姜军航,成绩低于60分且存在缺勤记录
S07924,金洋磊,成绩低于60分且存在缺勤记录
S07924,金洋磊,成绩低于60分且存在缺勤记录
S07939,吕琪,成绩低于60分且存在缺勤记录
S07941,金昊,成绩低于60分且存在缺勤记录
S07945,金雅,成绩低于60分且存在缺勤记录
S07969,陈鹏,成绩低于60分且存在缺勤记录
S07969,陈鹏,成绩低于60分且存在缺勤记录
S07992,孔昊,成绩低于60分且存在缺勤记录
S07993,何军,成绩低于60分且存在缺勤记录
S07993,何军,成绩低于60分且存在缺勤记录
S07995,曹雅,成绩低于60分且存在缺勤记录
S07995,曹雅,成绩低于60分且存在缺勤记录
S08017,周敏颖,成绩低于60分且存在缺勤记录
S08017,周敏颖,成绩低于60分且存在缺勤记录
S08026,蒋涛,成绩低于60分且存在缺勤记录
S08026,蒋涛,成绩低于60分且存在缺勤记录
S08041,韩勇峰,成绩低于60分且存在缺勤记录
S08041,韩勇峰,成绩低于60分且存在缺勤记录
S08041,韩勇峰,成绩低于60分且存在缺勤记录
S08042,冯洋,成绩低于60分且存在缺勤记录
S08042,冯洋,成绩低于60分且存在缺勤记录
S08055,李丽,成绩低于60分且存在缺勤记录
S08055,李丽,成绩低于60分且存在缺勤记录
S08065,朱鑫,成绩低于60分且存在缺勤记录
S08076,沈萍,成绩低于60分且存在缺勤记录
S08142,卫皓伟,成绩低于60分且存在缺勤记录
S08147,张凯,成绩低于60分且存在缺勤记录
S08153,姜超,成绩低于60分且存在缺勤记录
S08153,姜超,成绩低于60分且存在缺勤记录
S08153,姜超,成绩低于60分且存在缺勤记录
S08158,施芳,成绩低于60分且存在缺勤记录
S08158,施芳,成绩低于60分且存在缺勤记录
S08204,何勇,成绩低于60分且存在缺勤记录
S08212,王鑫皓,成绩低于60分且存在缺勤记录
S08212,王鑫皓,成绩低于60分且存在缺勤记录
S08212,王鑫皓,成绩低于60分且存在缺勤记录
S08212,王鑫皓,成绩低于60分且存在缺勤记录
S08213,Liam,成绩低于60分且存在缺勤记录
S08213,Liam,成绩低于60分且存在缺勤记录
S08223,姜洋博,成绩低于60分且存在缺勤记录
S08223,姜洋博,成绩低于60分且存在缺勤记录
S08229,Emma,成绩低于60分且存在缺勤记录
S08229,Emma,成绩低于60分且存在缺勤记录
S08229,Emma,成绩低于60分且存在缺勤记录
S08232,郑凯晨,成绩低于60分且存在缺勤记录
S08232,郑凯晨,成绩低于60分且存在缺勤记录
S08237,冯昊鑫,成绩低于60分且存在缺勤记录
S08237,冯昊鑫,成绩低于60分且存在缺勤记录
S08270,张娜娜,成绩低于60分且存在缺勤记录
S08270,张娜娜,成绩低于60分且存在缺勤记录
S08271,赵敏,成绩低于60分且存在缺勤记录
S08280,钱航,成绩低于60分且存在缺勤记录
S08280,钱航,成绩低于60分且存在缺勤记录
S08283,李丹,成绩低于60分且存在缺勤记录
S08283,李丹,成绩低于60分且存在缺勤记录
S08296,严琪,成绩低于60分且存在缺勤记录
S08296,严琪,成绩低于60分且存在缺勤记录
S08333,朱勇,成绩低于60分且存在缺勤记录
S08334,吕婷,成绩低于60分且存在缺勤记录
S08334,吕婷,成绩低于60分且存在缺勤记录
S08335,许洁,成绩低于60分且存在缺勤记录
S08335,许洁,成绩低于60分且存在缺勤记录
S08335,许洁,成绩低于60分且存在缺勤记录
S08335,许洁,成绩低于60分且存在缺勤记录
S08335,许洁,成绩低于60分且存在缺勤记录
S08351,曹雪琪,成绩低于60分且存在缺勤记录
S08351,曹雪琪,成绩低于60分且存在缺勤记录
S08353,沈燕静,成绩低于60分且存在缺勤记录
S08353,沈燕静,成绩低于60分且存在缺勤记录
S08353,沈燕静,成绩低于60分且存在缺勤记录
S08353,沈燕静,成绩低于60分且存在缺勤记录
S08361,沈欣,成绩低于60分且存在缺勤记录
S08370,陈萍雅,成绩低于60分且存在缺勤记录
S08371,褚洋,成绩低于60分且存在缺勤记录
S08385,Ava,成绩低于60分且存在缺勤记录
S08388,郑浩,成绩低于60分且存在缺勤记录
S08388,郑浩,成绩低于60分且存在缺勤记录
S08393,陶勇磊,成绩低于60分且存在缺勤记录
S08393,陶勇磊,成绩低于60分且存在缺勤记录
S08404,沈伟,成绩低于60分且存在缺勤记录
S08443,褚倩,成绩低于60分且存在缺勤记录
S08446,沈静,成绩低于60分且存在缺勤记录
S08446,沈静,成绩低于60分且存在缺勤记录
S08456,曹晨,成绩低于60分且存在缺勤记录
S08456,曹晨,成绩低于60分且存在缺勤记录
S08456,曹晨,成绩低于60分且存在缺勤记录
S08456,曹晨,成绩低于60分且存在缺勤记录
S08467,钱勇浩,成绩低于60分且存在缺勤记录
S08510,陈超浩,成绩低于60分且存在缺勤记录
S08548,沈斌,成绩低于60分且存在缺勤记录
S08548,沈斌,成绩低于60分且存在缺勤记录
S08548,沈斌,成绩低于60分且存在缺勤记录
S08568,Mia,成绩低于60分且存在缺勤记录
S08568,Mia,成绩低于60分且存在缺勤记录
S08580,姜鹏,成绩低于60分且存在缺勤记录
S08599,卫媛,成绩低于60分且存在缺勤记录
S08599,卫媛,成绩低于60分且存在缺勤记录
S08599,卫媛,成绩低于60分且存在缺勤记录
S08599,卫媛,成绩低于60分且存在缺勤记录
S08599,卫媛,成绩低于60分且存在缺勤记录
S08599,卫媛,成绩低于60分且存在缺勤记录
S08603,华慧,成绩低于60分且存在缺勤记录
S08603,华慧,成绩低于60分且存在缺勤记录
S08603,华慧,成绩低于60分且存在缺勤记录
S08609,Emma,成绩低于60分且存在缺勤记录
S08610,Ava,成绩低于60分且存在缺勤记录
S08610,Ava,成绩低于60分且存在缺勤记录
S08619,沈欣,成绩低于60分且存在缺勤记录
S08619,沈欣,成绩低于60分且存在缺勤记录
S08653,陶敏,成绩低于60分且存在缺勤记录
S08690,吴伟,成绩低于60分且存在缺勤记录
S08701,吕丹琳,成绩低于60分且存在缺勤记录
S08701,吕丹琳,成绩低于60分且存在缺勤记录
S08714,华勇,成绩低于60分且存在缺勤记录
S08714,华勇,成绩低于60分且存在缺勤记录
S08714,华勇,成绩低于60分且存在缺勤记录
S08714,华勇,成绩低于60分且存在缺勤记录
S08714,华勇,成绩低于60分且存在缺勤记录
S08714,华勇,成绩低于60分且存在缺勤记录
S08734,卫昊凯,成绩低于60分且存在缺勤记录
S08750,孙雅,成绩低于60分且存在缺勤记录
S08750,孙雅,成绩低于60分且存在缺勤记录
S08762,褚峰浩,成绩低于60分且存在缺勤记录
S08762,褚峰浩,成绩低于60分且存在缺勤记录
S08791,王萍,成绩低于60分且存在缺勤记录
S08796,赵洁,成绩低于60分且存在缺勤记录
S08803,严磊强,成绩低于60分且存在缺勤记录
S08803,严磊强,成绩低于60分且存在缺勤记录
S08807,秦鹏超,成绩低于60分且存在缺勤记录
S08813,韩萍雅,成绩低于60分且存在缺勤记录
S08817,许倩,成绩低于60分且存在缺勤记录
S08827,孔涛,成绩低于60分且存在缺勤记录
S08827,孔涛,成绩低于60分且存在缺勤记录
S08827,孔涛,成绩低于60分且存在缺勤记录
S08836,杨琳,成绩低于60分且存在缺勤记录
S08836,杨琳,成绩低于60分且存在缺勤记录
S08836,杨琳,成绩低于60分且存在缺勤记录
S08836,杨琳,成绩低于60分且存在缺勤记录
S08844,郑航,成绩低于60分且存在缺勤记录
S08847,许浩勇,成绩低于60分且存在缺勤记录
S08851,卫芳,成绩低于60分且存在缺勤记录
S08851,卫芳,成绩低于60分且存在缺勤记录
S08876,李萍琳,成绩低于60分且存在缺勤记录
S08876,李萍琳,成绩低于60分且存在缺勤记录
S08877,Mia,成绩低于60分且存在缺勤记录
S08877,Mia,成绩低于60分且存在缺勤记录
S08877,Mia,成绩低于60分且存在缺勤记录
S08892,吴鑫,成绩低于60分且存在缺勤记录
S08896,李峰,成绩低于60分且存在缺勤记录
S08902,华晨,成绩低于60分且存在缺勤记录
S08907,褚欣,成绩低于60分且存在缺勤记录
S08935,郑敏,成绩低于60分且存在缺勤记录
S08935,郑敏,成绩低于60分且存在缺勤记录
S08938,韩凯,成绩低于60分且存在缺勤记录
S08938,韩凯,成绩低于60分且存在缺勤记录
S08946,华艳,成绩低于60分且存在缺勤记录
S08977,陶昊涛,成绩低于60分且存在缺勤记录
S08987,许琳,成绩低于60分且存在缺勤记录
S08987,许琳,成绩低于60分且存在缺勤记录
S09022,卫丹婷,成绩低于60分且存在缺勤记录
S09022,卫丹婷,成绩低于60分且存在缺勤记录
S09043,钱丽,成绩低于60分且存在缺勤记录
S09060,陈皓,成绩低于60分且存在缺勤记录
S09060,陈皓,成绩低于60分且存在缺勤记录
S09066,Olivia,成绩低于60分且存在缺勤记录
S09086,赵颖燕,成绩低于60分且存在缺勤记录
S09104,钱宇,成绩低于60分且存在缺勤记录
S09104,钱宇,成绩低于60分且存在缺勤记录
S09130,魏勇晨,成绩低于60分且存在缺勤记录
S09131,孙婷,成绩低于60分且存在缺勤记录
S09159,郑婷,成绩低于60分且存在缺勤记录
S09159,郑婷,成绩低于60分且存在缺勤记录
S09162,韩媛娜,成绩低于60分且存在缺勤记录
S09162,韩媛娜,成绩低于60分且存在缺勤记录
S09162,韩媛娜,成绩低于60分且存在缺勤记录
S09164,冯杰,成绩低于60分且存在缺勤记录
S09169,韩浩,成绩低于60分且存在缺勤记录
S09190,卫洋伟,成绩低于60分且存在缺勤记录
S09195,许峰,成绩低于60分且存在缺勤记录
S09195,许峰,成绩低于60分且存在缺勤记录
S09195,许峰,成绩低于60分且存在缺勤记录
S09197,施昊伟,成绩低于60分且存在缺勤记录
S09197,施昊伟,成绩低于60分且存在缺勤记录
S09202,尤丹,成绩低于60分且存在缺勤记录
S09202,尤丹,成绩低于60分且存在缺勤记录
S09209,Liam,成绩低于60分且存在缺勤记录
S09209,Liam,成绩低于60分且存在缺勤记录
S09223,Noah,成绩低于60分且存在缺勤记录
S09223,Noah,成绩低于60分且存在缺勤记录
S09240,魏丹,成绩低于60分且存在缺勤记录
S09249,钱琪燕,成绩低于60分且存在缺勤记录
S09263,秦媛,成绩低于60分且存在缺勤记录
S09263,秦媛,成绩低于60分且存在缺勤记录
S09289,周凯强,成绩低于60分且存在缺勤记录
S09298,Sophia,成绩低于60分且存在缺勤记录
S09298,Sophia,成绩低于60分且存在缺勤记录
S09298,Sophia,成绩低于60分且存在缺勤记录
S09314,李博军,成绩低于60分且存在缺勤记录
S09320,褚娜,成绩低于60分且存在缺勤记录
S09320,褚娜,成绩低于60分且存在缺勤记录
S09320,褚娜,成绩低于60分且存在缺勤记录
S09324,王宇,成绩低于60分且存在缺勤记录
S09324,王宇,成绩低于60分且存在缺勤记录
S09328,李丽琪,成绩低于60分且存在缺勤记录
S09332,孙涛,成绩低于60分且存在缺勤记录
S09353,曹凯,成绩低于60分且存在缺勤记录
S09356,Mia,成绩低于60分且存在缺勤记录
S09356,Mia,成绩低于60分且存在缺勤记录
S09360,金航,成绩低于60分且存在缺勤记录
S09360,金航,成绩低于60分且存在缺勤记录
S09360,金航,成绩低于60分且存在缺勤记录
S09378,Emma,成绩低于60分且存在缺勤记录
S09378,Emma,成绩低于60分且存在缺勤记录
S09393,何颖,成绩低于60分且存在缺勤记录
S09393,何颖,成绩低于60分且存在缺勤记录
S09406,金琪,成绩低于60分且存在缺勤记录
S09406,金琪,成绩低于60分且存在缺勤记录
S09406,金琪,成绩低于60分且存在缺勤记录
S09406,金琪,成绩低于60分且存在缺勤记录
S09448,华涛超,成绩低于60分且存在缺勤记录
S09448,华涛超,成绩低于60分且存在缺勤记录
S09452,姜雪,成绩低于60分且存在缺勤记录
S09452,姜雪,成绩低于60分且存在缺勤记录
S09452,姜雪,成绩低于60分且存在缺勤记录
S09456,曹晨,成绩低于60分且存在缺勤记录
S09469,华强,成绩低于60分且存在缺勤记录
S09494,姜丽媛,成绩低于60分且存在缺勤记录
S09506,Ava,成绩低于60分且存在缺勤记录
S09508,金勇,成绩低于60分且存在缺勤记录
S09509,钱丽,成绩低于60分且存在缺勤记录
S09509,钱丽,成绩低于60分且存在缺勤记录
S09553,Lucas,成绩低于60分且存在缺勤记录
S09574,孙斌,成绩低于60分且存在缺勤记录
S09574,孙斌,成绩低于60分且存在缺勤记录
S09577,沈宇,成绩低于60分且存在缺勤记录
S09580,杨琳颖,成绩低于60分且存在缺勤记录
S09602,王燕,成绩低于60分且存在缺勤记录
S09604,赵斌,成绩低于60分且存在缺勤记录
S09645,李浩强,成绩低于60分且存在缺勤记录
S09655,朱博,成绩低于60分且存在缺勤记录
S09668,华浩,成绩低于60分且存在缺勤记录
S09686,吴琳,成绩低于60分且存在缺勤记录
S09714,蒋鹏,成绩低于60分且存在缺勤记录
S09714,蒋鹏,成绩低于60分且存在缺勤记录
S09750,蒋燕,成绩低于60分且存在缺勤记录
S09753,孔昊博,成绩低于60分且存在缺勤记录
S09761,周涛,成绩低于60分且存在缺勤记录
S09761,周涛,成绩低于60分且存在缺勤记录
S09775,吕涛凯,成绩低于60分且存在缺勤记录
S09780,周倩静,成绩低于60分且存在缺勤记录
S09780,周倩静,成绩低于60分且存在缺勤记录
S09780,周倩静,成绩低于60分且存在缺勤记录
S09798,陶宇,成绩低于60分且存在缺勤记录
S09798,陶宇,成绩低于60分且存在缺勤记录
S09802,冯欣,成绩低于60分且存在缺勤记录
S09809,姜浩,成绩低于60分且存在缺勤记录
S09809,姜浩,成绩低于60分且存在缺勤记录
S09811,严军,成绩低于60分且存在缺勤记录
S09820,吴欣,成绩低于60分且存在缺勤记录
S09820,吴欣,成绩低于60分且存在缺勤记录
S09820,吴欣,成绩低于60分且存在缺勤记录
S09830,许颖慧,成绩低于60分且存在缺勤记录
S09830,许颖慧,成绩低于60分且存在缺勤记录
S09841,秦丹,成绩低于60分且存在缺勤记录
S09874,严雪,成绩低于60分且存在缺勤记录
S09874,严雪,成绩低于60分且存在缺勤记录
S09876,韩斌,成绩低于60分且存在缺勤记录
S09882,陈娜,成绩低于60分且存在缺勤记录
S09882,陈娜,成绩低于60分且存在缺勤记录
S09892,曹静倩,成绩低于60分且存在缺勤记录
S09892,曹静倩,成绩低于60分且存在缺勤记录
S09908,吴昊,成绩低于60分且存在缺勤记录
S09915,郑军,成绩低于60分且存在缺勤记录
S09915,郑军,成绩低于60分且存在缺勤记录
S09915,郑军,成绩低于60分且存在缺勤记录
S09921,华昊,成绩低于60分且存在缺勤记录
S09928,魏雅,成绩低于60分且存在缺勤记录
S09928,魏雅,成绩低于60分且存在缺勤记录
S09929,Lucas,成绩低于60分且存在缺勤记录
S09932,施媛,成绩低于60分且存在缺勤记录
S09940,Ethan,成绩低于60分且存在缺勤记录
S09940,Ethan,成绩低于60分且存在缺勤记录
S09940,Ethan,成绩低于60分且存在缺勤记录
S09942,吴洋,成绩低于60分且存在缺勤记录
S09944,秦宇超,成绩低于60分且存在缺勤记录
S09944,秦宇超,成绩低于60分且存在缺勤记录
S09945,沈芳,成绩低于60分且存在缺勤记录
S09945,沈芳,成绩低于60分且存在缺勤记录
S09964,何敏,成绩低于60分且存在缺勤记录
S09974,卫娜,成绩低于60分且存在缺勤记录
S09985,金欣慧,成绩低于60分且存在缺勤记录
S09993,金勇浩,成绩低于60分且存在缺勤记录
S09993,金勇浩,成绩低于60分且存在缺勤记录
S09993,金勇浩,成绩低于60分且存在缺勤记录
S10000,姜丽,成绩低于60分且存在缺勤记录
S10001,孔超斌,成绩低于60分且存在缺勤记录
S10025,韩晨,成绩低于60分且存在缺勤记录
S10027,Liam,成绩低于60分且存在缺勤记录
S10030,赵昊,成绩低于60分且存在缺勤记录
S10039,冯博,成绩低于60分且存在缺勤记录
S10039,冯博,成绩低于60分且存在缺勤记录
S10039,冯博,成绩低于60分且存在缺勤记录
S10040,Ava,成绩低于60分且存在缺勤记录
S10045,张雪,成绩低于60分且存在缺勤记录
S10045,张雪,成绩低于60分且存在缺勤记录
S10056,李皓宇,成绩低于60分且存在缺勤记录
S10058,褚燕,成绩低于60分且存在缺勤记录
S10058,褚燕,成绩低于60分且存在缺勤记录
S10069,华涛,成绩低于60分且存在缺勤记录
S10079,蒋昊强,成绩低于60分且存在缺勤记录
S10079,蒋昊强,成绩低于60分且存在缺勤记录
S10091,张慧,成绩低于60分且存在缺勤记录
S10134,尤晨,成绩低于60分且存在缺勤记录
S10143,Noah,成绩低于60分且存在缺勤记录
S10143,Noah,成绩低于60分且存在缺勤记录
S10159,赵媛,成绩低于60分且存在缺勤记录
S10169,褚鹏,成绩低于60分且存在缺勤记录
S10169,褚鹏,成绩低于60分且存在缺勤记录
S10171,钱洋,成绩低于60分且存在缺勤记录
S10171,钱洋,成绩低于60分且存在缺勤记录
S10199,曹娜,成绩低于60分且存在缺勤记录
S10205,何琪敏,成绩低于60分且存在缺勤记录
S10205,何琪敏,成绩低于60分且存在缺勤记录
S10212,Sophia,成绩低于60分且存在缺勤记录
S10225,赵斌,成绩低于60分且存在缺勤记录
S10232,张磊军,成绩低于60分且存在缺勤记录
S10260,王洁,成绩低于60分且存在缺勤记录
S10283,郑勇,成绩低于60分且存在缺勤记录
S10298,韩雅,成绩低于60分且存在缺勤记录
S10298,韩雅,成绩低于60分且存在缺勤记录
S10298,韩雅,成绩低于60分且存在缺勤记录
S10309,周丽,成绩低于60分且存在缺勤记录
S10309,周丽,成绩低于60分且存在缺勤记录
S10314,何涛,成绩低于60分且存在缺勤记录
S10326,Sophia,成绩低于60分且存在缺勤记录
S10326,Sophia,成绩低于60分且存在缺勤记录
S10326,Sophia,成绩低于60分且存在缺勤记录
S10336,陈丽静,成绩低于60分且存在缺勤记录
S10336,陈丽静,成绩低于60分且存在缺勤记录
S10336,陈丽静,成绩低于60分且存在缺勤记录
S10345,吕浩超,成绩低于60分且存在缺勤记录
S10345,吕浩超,成绩低于60分且存在缺勤记录
S10363,施伟航,成绩低于60分且存在缺勤记录
S10363,施伟航,成绩低于60分且存在缺勤记录
S10405,卫鹏航,成绩低于60分且存在缺勤记录
S10417,Emma,成绩低于60分且存在缺勤记录
S10417,Emma,成绩低于60分且存在缺勤记录
S10417,Emma,成绩低于60分且存在缺勤记录
S10417,Emma,成绩低于60分且存在缺勤记录
S10427,沈琪,成绩低于60分且存在缺勤记录
S10440,褚勇鑫,成绩低于60分且存在缺勤记录
S10440,褚勇鑫,成绩低于60分且存在缺勤记录
S10442,尤勇,成绩低于60分且存在缺勤记录
S10446,王超,成绩低于60分且存在缺勤记录
S10446,王超,成绩低于60分且存在缺勤记录
S10452,何媛,成绩低于60分且存在缺勤记录
S10452,何媛,成绩低于60分且存在缺勤记录
S10461,郑博,成绩低于60分且存在缺勤记录
S10461,郑博,成绩低于60分且存在缺勤记录
S10461,郑博,成绩低于60分且存在缺勤记录
S10464,陶超,成绩低于60分且存在缺勤记录
S10464,陶超,成绩低于60分且存在缺勤记录
S10474,赵丽,成绩低于60分且存在缺勤记录
S10474,赵丽,成绩低于60分且存在缺勤记录
S10496,冯晨鹏,成绩低于60分且存在缺勤记录
S10511,郑磊洋,成绩低于60分且存在缺勤记录
S10511,郑磊洋,成绩低于60分且存在缺勤记录
S10511,郑磊洋,成绩低于60分且存在缺勤记录
S10511,郑磊洋,成绩低于60分且存在缺勤记录
S10514,曹燕婷,成绩低于60分且存在缺勤记录
S10514,曹燕婷,成绩低于60分且存在缺勤记录
S10528,卫峰军,成绩低于60分且存在缺勤记录
S10531,Lucas,成绩低于60分且存在缺勤记录
S10531,Lucas,成绩低于60分且存在缺勤记录
S10531,Lucas,成绩低于60分且存在缺勤记录
S10561,何慧,成绩低于60分且存在缺勤记录
S10561,何慧,成绩低于60分且存在缺勤记录
S10561,何慧,成绩低于60分且存在缺勤记录
S10581,尤斌,成绩低于60分且存在缺勤记录
S10598,尤婷,成绩低于60分且存在缺勤记录
S10598,尤婷,成绩低于60分且存在缺勤记录
S10598,尤婷,成绩低于60分且存在缺勤记录
S10628,严雪,成绩低于60分且存在缺勤记录
S10663,魏芳,成绩低于60分且存在缺勤记录
S10663,魏芳,成绩低于60分且存在缺勤记录
S10668,秦斌涛,成绩低于60分且存在缺勤记录
S10683,冯昊磊,成绩低于60分且存在缺勤记录
S10683,冯昊磊,成绩低于60分且存在缺勤记录
S10707,秦敏,成绩低于60分且存在缺勤记录
S10721,姜涛,成绩低于60分且存在缺勤记录
S10728,陶雪,成绩低于60分且存在缺勤记录
S10728,陶雪,成绩低于60分且存在缺勤记录
S10756,魏倩慧,成绩低于60分且存在缺勤记录
S10756,魏倩慧,成绩低于60分且存在缺勤记录
S10769,褚鹏浩,成绩低于60分且存在缺勤记录
S10790,卫昊勇,成绩低于60分且存在缺勤记录
S10815,郑芳,成绩低于60分且存在缺勤记录
S10815,郑芳,成绩低于60分且存在缺勤记录
S10818,何超,成绩低于60分且存在缺勤记录
S10818,何超,成绩低于60分且存在缺勤记录
S10826,严慧倩,成绩低于60分且存在缺勤记录
S10834,冯琪,成绩低于60分且存在缺勤记录
S10834,冯琪,成绩低于60分且存在缺勤记录
S10834,冯琪,成绩低于60分且存在缺勤记录
S10857,Mia,成绩低于60分且存在缺勤记录
S10865,秦宇,成绩低于60分且存在缺勤记录
S10872,褚洁,成绩低于60分且存在缺勤记录
S10876,施皓,成绩低于60分且存在缺勤记录
S10901,曹强,成绩低于60分且存在缺勤记录
S10901,曹强,成绩低于60分且存在缺勤记录
S10908,赵鹏,成绩低于60分且存在缺勤记录
S10911,周凯博,成绩低于60分且存在缺勤记录
S10911,周凯博,成绩低于60分且存在缺勤记录
S10920,华杰,成绩低于60分且存在缺勤记录
S10920,华杰,成绩低于60分且存在缺勤记录
S10920,华杰,成绩低于60分且存在缺勤记录
S10920,华杰,成绩低于60分且存在缺勤记录
S10922,Isabella,成绩低于60分且存在缺勤记录
S10922,Isabella,成绩低于60分且存在缺勤记录
S10922,Isabella,成绩低于60分且存在缺勤记录
S10927,姜晨,成绩低于60分且存在缺勤记录
S10927,姜晨,成绩低于60分且存在缺勤记录
S10937,Ethan,成绩低于60分且存在缺勤记录
S10939,赵倩琳,成绩低于60分且存在缺勤记录
S10939,赵倩琳,成绩低于60分且存在缺勤记录
S10956,赵凯,成绩低于60分且存在缺勤记录
S10981,华琳琳,成绩低于60分且存在缺勤记录
S11003,严晨,成绩低于60分且存在缺勤记录
S11008,王杰,成绩低于60分且存在缺勤记录
S11010,陈强勇,成绩低于60分且存在缺勤记录
S11018,冯宇,成绩低于60分且存在缺勤记录
S11050,魏昊,成绩低于60分且存在缺勤记录
S11050,魏昊,成绩低于60分且存在缺勤记录
S11050,魏昊,成绩低于60分且存在缺勤记录
S11088,卫静,成绩低于60分且存在缺勤记录
S11096,严鹏,成绩低于60分且存在缺勤记录
S11096,严鹏,成绩低于60分且存在缺勤记录
S11116,王婷,成绩低于60分且存在缺勤记录
S11117,Mia,成绩低于60分且存在缺勤记录
S11166,Mia,成绩低于60分且存在缺勤记录
S11166,Mia,成绩低于60分且存在缺勤记录
S11166,Mia,成绩低于60分且存在缺勤记录
S11166,Mia,成绩低于60分且存在缺勤记录
S11170,韩强,成绩低于60分且存在缺勤记录
S11170,韩强,成绩低于60分且存在缺勤记录
S11223,李琳颖,成绩低于60分且存在缺勤记录
S11228,孙娜,成绩低于60分且存在缺勤记录
S11229,周丽,成绩低于60分且存在缺勤记录
S11234,王超宇,成绩低于60分且存在缺勤记录
S11234,王超宇,成绩低于60分且存在缺勤记录
S11238,许鹏斌,成绩低于60分且存在缺勤记录
S11284,陈晨,成绩低于60分且存在缺勤记录
S11284,陈晨,成绩低于60分且存在缺勤记录
S11287,吴慧,成绩低于60分且存在缺勤记录
S11293,孙雪,成绩低于60分且存在缺勤记录
S11303,杨峰洋,成绩低于60分且存在缺勤记录
S11303,杨峰洋,成绩低于60分且存在缺勤记录
S11305,姜芳欣,成绩低于60分且存在缺勤记录
S11316,尤超宇,成绩低于60分且存在缺勤记录
S11316,尤超宇,成绩低于60分且存在缺勤记录
S11339,张敏,成绩低于60分且存在缺勤记录
S11339,张敏,成绩低于60分且存在缺勤记录
S11347,孙鹏,成绩低于60分且存在缺勤记录
S11347,孙鹏,成绩低于60分且存在缺勤记录
S11348,褚峰,成绩低于60分且存在缺勤记录
S11348,褚峰,成绩低于60分且存在缺勤记录
S11348,褚峰,成绩低于60分且存在缺勤记录
S11359,严艳,成绩低于60分且存在缺勤记录
S11359,严艳,成绩低于60分且存在缺勤记录
S11378,张斌,成绩低于60分且存在缺勤记录
S11397,吴航,成绩低于60分且存在缺勤记录
S11397,吴航,成绩低于60分且存在缺勤记录
S11399,曹娜,成绩低于60分且存在缺勤记录
S11399,曹娜,成绩低于60分且存在缺勤记录
S11412,冯昊洋,成绩低于60分且存在缺勤记录
S11416,李晨超,成绩低于60分且存在缺勤记录
S11416,李晨超,成绩低于60分且存在缺勤记录
S11416,李晨超,成绩低于60分且存在缺勤记录
S11425,陈洁,成绩低于60分且存在缺勤记录
S11425,陈洁,成绩低于60分且存在缺勤记录
S11442,周雅,成绩低于60分且存在缺勤记录
S11450,张超超,成绩低于60分且存在缺勤记录
S11450,张超超,成绩低于60分且存在缺勤记录
S11473,金伟斌,成绩低于60分且存在缺勤记录
S11491,施皓凯,成绩低于60分且存在缺勤记录
S11492,严丽,成绩低于60分且存在缺勤记录
S11525,何洋,成绩低于60分且存在缺勤记录
S11541,陈静媛,成绩低于60分且存在缺勤记录
S11541,陈静媛,成绩低于60分且存在缺勤记录
S11546,Liam,成绩低于60分且存在缺勤记录
S11552,许磊,成绩低于60分且存在缺勤记录
S11554,Emma,成绩低于60分且存在缺勤记录
S11558,华丹,成绩低于60分且存在缺勤记录
S11577,严浩,成绩低于60分且存在缺勤记录
S11577,严浩,成绩低于60分且存在缺勤记录
S11590,施杰,成绩低于60分且存在缺勤记录
S11591,Isabella,成绩低于60分且存在缺勤记录
S11591,Isabella,成绩低于60分且存在缺勤记录
S11591,Isabella,成绩低于60分且存在缺勤记录
S11599,华琳,成绩低于60分且存在缺勤记录
S11611,魏洁,成绩低于60分且存在缺勤记录
S11611,魏洁,成绩低于60分且存在缺勤记录
S11675,蒋军,成绩低于60分且存在缺勤记录
S11675,蒋军,成绩低于60分且存在缺勤记录
S11676,Ethan,成绩低于60分且存在缺勤记录
S11689,华超,成绩低于60分且存在缺勤记录
S11689,华超,成绩低于60分且存在缺勤记录
S11690,褚鑫磊,成绩低于60分且存在缺勤记录
S11690,褚鑫磊,成绩低于60分且存在缺勤记录
S11690,褚鑫磊,成绩低于60分且存在缺勤记录
S11719,华杰博,成绩低于60分且存在缺勤记录
S11736,Isabella,成绩低于60分且存在缺勤记录
S11739,许琪,成绩低于60分且存在缺勤记录
S11739,许琪,成绩低于60分且存在缺勤记录
S11754,张涛,成绩低于60分且存在缺勤记录
S11757,施强,成绩低于60分且存在缺勤记录
S11774,冯伟,成绩低于60分且存在缺勤记录
S11774,冯伟,成绩低于60分且存在缺勤记录
S11804,华倩萍,成绩低于60分且存在缺勤记录
S11808,尤慧,成绩低于60分且存在缺勤记录
S11808,尤慧,成绩低于60分且存在缺勤记录
S11821,魏静燕,成绩低于60分且存在缺勤记录
S11838,Noah,成绩低于60分且存在缺勤记录
S11892,沈倩,成绩低于60分且存在缺勤记录
S11892,沈倩,成绩低于60分且存在缺勤记录
S11892,沈倩,成绩低于60分且存在缺勤记录
S11898,严浩,成绩低于60分且存在缺勤记录
S11898,严浩,成绩低于60分且存在缺勤记录
S11900,沈伟,成绩低于60分且存在缺勤记录
S11900,沈伟,成绩低于60分且存在缺勤记录
S11910,金昊,成绩低于60分且存在缺勤记录
S11910,金昊,成绩低于60分且存在缺勤记录
S11947,郑博,成绩低于60分且存在缺勤记录
S11951,Mia,成绩低于60分且存在缺勤记录
S11951,Mia,成绩低于60分且存在缺勤记录
S11956,许军,成绩低于60分且存在缺勤记录
S11976,Emma,成绩低于60分且存在缺勤记录
S11983,姜颖,成绩低于60分且存在缺勤记录
S11986,魏燕,成绩低于60分且存在缺勤记录
S12003,郑峰,成绩低于60分且存在缺勤记录
S12004,施艳燕,成绩低于60分且存在缺勤记录
S12008,褚昊航,成绩低于60分且存在缺勤记录
S12008,褚昊航,成绩低于60分且存在缺勤记录
S12017,钱皓,成绩低于60分且存在缺勤记录
S12049,王丽,成绩低于60分且存在缺勤记录
S12049,王丽,成绩低于60分且存在缺勤记录
S12049,王丽,成绩低于60分且存在缺勤记录
S12062,杨强,成绩低于60分且存在缺勤记录
S12062,杨强,成绩低于60分且存在缺勤记录
S12064,李艳,成绩低于60分且存在缺勤记录
S12093,秦婷艳,成绩低于60分且存在缺勤记录
S12093,秦婷艳,成绩低于60分且存在缺勤记录
S12093,秦婷艳,成绩低于60分且存在缺勤记录
S12100,朱雅,成绩低于60分且存在缺勤记录
S12100,朱雅,成绩低于60分且存在缺勤记录
S12100,朱雅,成绩低于60分且存在缺勤记录
S12113,严颖丹,成绩低于60分且存在缺勤记录
S12140,姜军,成绩低于60分且存在缺勤记录
S12140,姜军,成绩低于60分且存在缺勤记录
S12140,姜军,成绩低于60分且存在缺勤记录
S12144,周丹,成绩低于60分且存在缺勤记录
S12150,韩超勇,成绩低于60分且存在缺勤记录
S12165,沈艳,成绩低于60分且存在缺勤记录
S12172,Ava,成绩低于60分且存在缺勤记录
S12181,杨倩颖,成绩低于60分且存在缺勤记录
S12181,杨倩颖,成绩低于60分且存在缺勤记录
S12181,杨倩颖,成绩低于60分且存在缺勤记录
S12201,尤洋,成绩低于60分且存在缺勤记录
S12201,尤洋,成绩低于60分且存在缺勤记录
S12201,尤洋,成绩低于60分且存在缺勤记录
S12201,尤洋,成绩低于60分且存在缺勤记录
S12201,尤洋,成绩低于60分且存在缺勤记录
S12201,尤洋,成绩低于60分且存在缺勤记录
S12203,韩婷,成绩低于60分且存在缺勤记录
S12210,吕丹慧,成绩低于60分且存在缺勤记录
S12210,吕丹慧,成绩低于60分且存在缺勤记录
S12216,施颖,成绩低于60分且存在缺勤记录
S12216,施颖,成绩低于60分且存在缺勤记录
S12225,冯晨军,成绩低于60分且存在缺勤记录
S12228,冯鹏,成绩低于60分且存在缺勤记录
S12228,冯鹏,成绩低于60分且存在缺勤记录
S12228,冯鹏,成绩低于60分且存在缺勤记录
S12233,钱洋,成绩低于60分且存在缺勤记录
S12233,钱洋,成绩低于60分且存在缺勤记录
S12246,陈磊磊,成绩低于60分且存在缺勤记录
S12246,陈磊磊,成绩低于60分且存在缺勤记录
S12251,秦芳,成绩低于60分且存在缺勤记录
S12253,朱凯,成绩低于60分且存在缺勤记录
S12259,蒋勇,成绩低于60分且存在缺勤记录
S12267,陶慧,成绩低于60分且存在缺勤记录
S12267,陶慧,成绩低于60分且存在缺勤记录
S12288,陶静,成绩低于60分且存在缺勤记录
S12288,陶静,成绩低于60分且存在缺勤记录
S12288,陶静,成绩低于60分且存在缺勤记录
S12294,孙晨,成绩低于60分且存在缺勤记录
S12294,孙晨,成绩低于60分且存在缺勤记录
S12294,孙晨,成绩低于60分且存在缺勤记录
S12302,王丹颖,成绩低于60分且存在缺勤记录
S12302,王丹颖,成绩低于60分且存在缺勤记录
S12302,王丹颖,成绩低于60分且存在缺勤记录
S12313,尤敏,成绩低于60分且存在缺勤记录
S12313,尤敏,成绩低于60分且存在缺勤记录
S12313,尤敏,成绩低于60分且存在缺勤记录
S12314,褚皓,成绩低于60分且存在缺勤记录
S12314,褚皓,成绩低于60分且存在缺勤记录
S12324,冯军强,成绩低于60分且存在缺勤记录
S12333,孔丽,成绩低于60分且存在缺勤记录
S12335,吴杰,成绩低于60分且存在缺勤记录
S12351,吴萍,成绩低于60分且存在缺勤记录
S12356,李雅,成绩低于60分且存在缺勤记录
S12356,李雅,成绩低于60分且存在缺勤记录
S12389,赵丹萍,成绩低于60分且存在缺勤记录
S12389,赵丹萍,成绩低于60分且存在缺勤记录
S12393,Ethan,成绩低于60分且存在缺勤记录
S12395,王凯,成绩低于60分且存在缺勤记录
S12414,褚艳,成绩低于60分且存在缺勤记录
S12414,褚艳,成绩低于60分且存在缺勤记录
S12425,何涛,成绩低于60分且存在缺勤记录
S12425,何涛,成绩低于60分且存在缺勤记录
S12448,李洁,成绩低于60分且存在缺勤记录
S12470,Olivia,成绩低于60分且存在缺勤记录
S12487,吴鹏杰,成绩低于60分且存在缺勤记录
S12491,吕涛,成绩低于60分且存在缺勤记录
S12502,孔博峰,成绩低于60分且存在缺勤记录
S12502,孔博峰,成绩低于60分且存在缺勤记录
S12526,蒋敏,成绩低于60分且存在缺勤记录
S12526,蒋敏,成绩低于60分且存在缺勤记录
S12606,张琳洁,成绩低于60分且存在缺勤记录
S12610,蒋琳,成绩低于60分且存在缺勤记录
S12610,蒋琳,成绩低于60分且存在缺勤记录
S12610,蒋琳,成绩低于60分且存在缺勤记录
S12610,蒋琳,成绩低于60分且存在缺勤记录
S12630,姜峰斌,成绩低于60分且存在缺勤记录
S12631,蒋丹,成绩低于60分且存在缺勤记录
S12631,蒋丹,成绩低于60分且存在缺勤记录
S12633,褚磊,成绩低于60分且存在缺勤记录
S12633,褚磊,成绩低于60分且存在缺勤记录
S12633,褚磊,成绩低于60分且存在缺勤记录
S12637,周媛琪,成绩低于60分且存在缺勤记录
S12637,周媛琪,成绩低于60分且存在缺勤记录
S12661,Ava,成绩低于60分且存在缺勤记录
S12673,吴超,成绩低于60分且存在缺勤记录
S12674,卫凯军,成绩低于60分且存在缺勤记录
S12677,金娜,成绩低于60分且存在缺勤记录
S12703,吕宇,成绩低于60分且存在缺勤记录
S12707,李敏,成绩低于60分且存在缺勤记录
S12707,李敏,成绩低于60分且存在缺勤记录
S12707,李敏,成绩低于60分且存在缺勤记录
S12707,李敏,成绩低于60分且存在缺勤记录
S12711,吴艳,成绩低于60分且存在缺勤记录
S12711,吴艳,成绩低于60分且存在缺勤记录
S12718,褚琪琳,成绩低于60分且存在缺勤记录
S12718,褚琪琳,成绩低于60分且存在缺勤记录
S12718,褚琪琳,成绩低于60分且存在缺勤记录
S12721,姜婷敏,成绩低于60分且存在缺勤记录
S12744,陈丹,成绩低于60分且存在缺勤记录
S12744,陈丹,成绩低于60分且存在缺勤记录
S12744,陈丹,成绩低于60分且存在缺勤记录
S12748,魏媛,成绩低于60分且存在缺勤记录
S12751,冯博皓,成绩低于60分且存在缺勤记录
S12764,冯欣,成绩低于60分且存在缺勤记录
S12782,Ava,成绩低于60分且存在缺勤记录
S12782,Ava,成绩低于60分且存在缺勤记录
S12782,Ava,成绩低于60分且存在缺勤记录
S12784,Noah,成绩低于60分且存在缺勤记录
S12787,Isabella,成绩低于60分且存在缺勤记录
S12787,Isabella,成绩低于60分且存在缺勤记录
S12803,曹航,成绩低于60分且存在缺勤记录
S12803,曹航,成绩低于60分且存在缺勤记录
S12813,华雅燕,成绩低于60分且存在缺勤记录
S12813,华雅燕,成绩低于60分且存在缺勤记录
S12813,华雅燕,成绩低于60分且存在缺勤记录
S12814,魏晨洋,成绩低于60分且存在缺勤记录
S12814,魏晨洋,成绩低于60分且存在缺勤记录
S12818,李皓强,成绩低于60分且存在缺勤记录
S12818,李皓强,成绩低于60分且存在缺勤记录
S12826,魏勇,成绩低于60分且存在缺勤记录
S12828,秦芳,成绩低于60分且存在缺勤记录
S12866,褚萍,成绩低于60分且存在缺勤记录
S12866,褚萍,成绩低于60分且存在缺勤记录
S12876,周凯,成绩低于60分且存在缺勤记录
S12900,孔雪,成绩低于60分且存在缺勤记录
S12900,孔雪,成绩低于60分且存在缺勤记录
S12915,褚鑫,成绩低于60分且存在缺勤记录
S12915,褚鑫,成绩低于60分且存在缺勤记录
S12925,冯宇,成绩低于60分且存在缺勤记录
S12925,冯宇,成绩低于60分且存在缺勤记录
S12925,冯宇,成绩低于60分且存在缺勤记录
S12925,冯宇,成绩低于60分且存在缺勤记录
S12939,尤丽丹,成绩低于60分且存在缺勤记录
S12939,尤丽丹,成绩低于60分且存在缺勤记录
S12939,尤丽丹,成绩低于60分且存在缺勤记录
S12958,李雅,成绩低于60分且存在缺勤记录
S12978,何博昊,成绩低于60分且存在缺勤记录
S12978,何博昊,成绩低于60分且存在缺勤记录
S12981,严军,成绩低于60分且存在缺勤记录
S12981,严军,成绩低于60分且存在缺勤记录
S13005,魏博鹏,成绩低于60分且存在缺勤记录
S13005,魏博鹏,成绩低于60分且存在缺勤记录
S13005,魏博鹏,成绩低于60分且存在缺勤记录
S13005,魏博鹏,成绩低于60分且存在缺勤记录
S13005,魏博鹏,成绩低于60分且存在缺勤记录
S13005,魏博鹏,成绩低于60分且存在缺勤记录
S13008,韩宇,成绩低于60分且存在缺勤记录
S13021,杨皓涛,成绩低于60分且存在缺勤记录
S13021,杨皓涛,成绩低于60分且存在缺勤记录
S13021,杨皓涛,成绩低于60分且存在缺勤记录
S13038,曹洋,成绩低于60分且存在缺勤记录
S13038,曹洋,成绩低于60分且存在缺勤记录
S13051,许萍,成绩低于60分且存在缺勤记录
S13073,蒋勇,成绩低于60分且存在缺勤记录
S13097,杨强,成绩低于60分且存在缺勤记录
S13099,钱博勇,成绩低于60分且存在缺勤记录
S13099,钱博勇,成绩低于60分且存在缺勤记录
S13099,钱博勇,成绩低于60分且存在缺勤记录
S13102,Sophia,成绩低于60分且存在缺勤记录
S13102,Sophia,成绩低于60分且存在缺勤记录
S13102,Sophia,成绩低于60分且存在缺勤记录
S13130,陶媛,成绩低于60分且存在缺勤记录
S13130,陶媛,成绩低于60分且存在缺勤记录
S13131,曹洋晨,成绩低于60分且存在缺勤记录
S13131,曹洋晨,成绩低于60分且存在缺勤记录
S13131,曹洋晨,成绩低于60分且存在缺勤记录
S13134,赵静雅,成绩低于60分且存在缺勤记录
S13145,杨勇博,成绩低于60分且存在缺勤记录
S13145,杨勇博,成绩低于60分且存在缺勤记录
S13145,杨勇博,成绩低于60分且存在缺勤记录
S13151,金博洋,成绩低于60分且存在缺勤记录
S13151,金博洋,成绩低于60分且存在缺勤记录
S13179,韩丽,成绩低于60分且存在缺勤记录
S13179,韩丽,成绩低于60分且存在缺勤记录
S13185,孔洋,成绩低于60分且存在缺勤记录
S13207,孙凯,成绩低于60分且存在缺勤记录
S13207,孙凯,成绩低于60分且存在缺勤记录
S13217,赵宇晨,成绩低于60分且存在缺勤记录
S13221,冯颖,成绩低于60分且存在缺勤记录
S13221,冯颖,成绩低于60分且存在缺勤记录
S13221,冯颖,成绩低于60分且存在缺勤记录
S13221,冯颖,成绩低于60分且存在缺勤记录
S13223,陈颖,成绩低于60分且存在缺勤记录
S13225,王鑫,成绩低于60分且存在缺勤记录
S13225,王鑫,成绩低于60分且存在缺勤记录
S13228,姜雅,成绩低于60分且存在缺勤记录
S13229,郑鹏,成绩低于60分且存在缺勤记录
S13260,李丹,成绩低于60分且存在缺勤记录
S13260,李丹,成绩低于60分且存在缺勤记录
S13260,李丹,成绩低于60分且存在缺勤记录
S13260,李丹,成绩低于60分且存在缺勤记录
S13276,张倩,成绩低于60分且存在缺勤记录
S13299,曹磊,成绩低于60分且存在缺勤记录
S13299,曹磊,成绩低于60分且存在缺勤记录
S13303,卫雅,成绩低于60分且存在缺勤记录
S13303,卫雅,成绩低于60分且存在缺勤记录
S13326,秦雪静,成绩低于60分且存在缺勤记录
S13326,秦雪静,成绩低于60分且存在缺勤记录
S13338,沈洁,成绩低于60分且存在缺勤记录
S13338,沈洁,成绩低于60分且存在缺勤记录
S13338,沈洁,成绩低于60分且存在缺勤记录
S13338,沈洁,成绩低于60分且存在缺勤记录
S13338,沈洁,成绩低于60分且存在缺勤记录
S13341,沈欣,成绩低于60分且存在缺勤记录
S13341,沈欣,成绩低于60分且存在缺勤记录
S13347,沈琪,成绩低于60分且存在缺勤记录
S13353,钱凯,成绩低于60分且存在缺勤记录
S13353,钱凯,成绩低于60分且存在缺勤记录
S13384,吴慧静,成绩低于60分且存在缺勤记录
S13407,孔娜,成绩低于60分且存在缺勤记录
S13407,孔娜,成绩低于60分且存在缺勤记录
S13407,孔娜,成绩低于60分且存在缺勤记录
S13418,何洁,成绩低于60分且存在缺勤记录
S13418,何洁,成绩低于60分且存在缺勤记录
S13472,孔洁雅,成绩低于60分且存在缺勤记录
S13472,孔洁雅,成绩低于60分且存在缺勤记录
S13472,孔洁雅,成绩低于60分且存在缺勤记录
S13474,卫雅,成绩低于60分且存在缺勤记录
S13474,卫雅,成绩低于60分且存在缺勤记录
S13474,卫雅,成绩低于60分且存在缺勤记录
S13479,许博鑫,成绩低于60分且存在缺勤记录
S13484,李雪雅,成绩低于60分且存在缺勤记录
S13484,李雪雅,成绩低于60分且存在缺勤记录
S13484,李雪雅,成绩低于60分且存在缺勤记录
S13500,卫丽,成绩低于60分且存在缺勤记录
S13504,周皓,成绩低于60分且存在缺勤记录
S13504,周皓,成绩低于60分且存在缺勤记录
S13509,李雅芳,成绩低于60分且存在缺勤记录
S13529,钱雅艳,成绩低于60分且存在缺勤记录
S13529,钱雅艳,成绩低于60分且存在缺勤记录
S13532,郑涛,成绩低于60分且存在缺勤记录
S13532,郑涛,成绩低于60分且存在缺勤记录
S13532,郑涛,成绩低于60分且存在缺勤记录
S13537,杨浩,成绩低于60分且存在缺勤记录
S13537,杨浩,成绩低于60分且存在缺勤记录
S13542,赵燕萍,成绩低于60分且存在缺勤记录
S13551,施丽,成绩低于60分且存在缺勤记录
S13551,施丽,成绩低于60分且存在缺勤记录
S13555,Isabella,成绩低于60分且存在缺勤记录
S13563,冯倩,成绩低于60分且存在缺勤记录
S13563,冯倩,成绩低于60分且存在缺勤记录
S13563,冯倩,成绩低于60分且存在缺勤记录
S13563,冯倩,成绩低于60分且存在缺勤记录
S13588,陈敏,成绩低于60分且存在缺勤记录
S13588,陈敏,成绩低于60分且存在缺勤记录
S13588,陈敏,成绩低于60分且存在缺勤记录
S13588,陈敏,成绩低于60分且存在缺勤记录
S13595,姜媛,成绩低于60分且存在缺勤记录
S13596,尤伟,成绩低于60分且存在缺勤记录
S13596,尤伟,成绩低于60分且存在缺勤记录
S13597,杨斌峰,成绩低于60分且存在缺勤记录
S13597,杨斌峰,成绩低于60分且存在缺勤记录
S13607,曹航皓,成绩低于60分且存在缺勤记录
S13607,曹航皓,成绩低于60分且存在缺勤记录
S13609,郑磊宇,成绩低于60分且存在缺勤记录
S13614,郑欣,成绩低于60分且存在缺勤记录
S13617,严杰,成绩低于60分且存在缺勤记录
S13617,严杰,成绩低于60分且存在缺勤记录
S13617,严杰,成绩低于60分且存在缺勤记录
S13617,严杰,成绩低于60分且存在缺勤记录
S13620,何芳,成绩低于60分且存在缺勤记录
S13623,吴娜,成绩低于60分且存在缺勤记录
S13626,曹航军,成绩低于60分且存在缺勤记录
S13626,曹航军,成绩低于60分且存在缺勤记录
S13626,曹航军,成绩低于60分且存在缺勤记录
S13626,曹航军,成绩低于60分且存在缺勤记录
S13643,孔洋凯,成绩低于60分且存在缺勤记录
S13643,孔洋凯,成绩低于60分且存在缺勤记录
S13670,陈浩昊,成绩低于60分且存在缺勤记录
S13670,陈浩昊,成绩低于60分且存在缺勤记录
S13670,陈浩昊,成绩低于60分且存在缺勤记录
S13670,陈浩昊,成绩低于60分且存在缺勤记录
S13682,吴杰,成绩低于60分且存在缺勤记录
S13682,吴杰,成绩低于60分且存在缺勤记录
S13682,吴杰,成绩低于60分且存在缺勤记录
S13684,蒋鑫,成绩低于60分且存在缺勤记录
S13684,蒋鑫,成绩低于60分且存在缺勤记录
S13690,许强,成绩低于60分且存在缺勤记录
S13709,李峰凯,成绩低于60分且存在缺勤记录
S13718,吴琪艳,成绩低于60分且存在缺勤记录
S13724,韩欣雅,成绩低于60分且存在缺勤记录
S13724,韩欣雅,成绩低于60分且存在缺勤记录
S13724,韩欣雅,成绩低于60分且存在缺勤记录
S13750,秦娜,成绩低于60分且存在缺勤记录
S13750,秦娜,成绩低于60分且存在缺勤记录
S13760,李洋,成绩低于60分且存在缺勤记录
S13777,Sophia,成绩低于60分且存在缺勤记录
S13782,金敏,成绩低于60分且存在缺勤记录
S13797,杨浩,成绩低于60分且存在缺勤记录
S13816,王婷洁,成绩低于60分且存在缺勤记录
S13816,王婷洁,成绩低于60分且存在缺勤记录
S13830,Liam,成绩低于60分且存在缺勤记录
S13830,Liam,成绩低于60分且存在缺勤记录
S13830,Liam,成绩低于60分且存在缺勤记录
S13856,孙萍,成绩低于60分且存在缺勤记录
S13856,孙萍,成绩低于60分且存在缺勤记录
S13856,孙萍,成绩低于60分且存在缺勤记录
S13860,姜琪,成绩低于60分且存在缺勤记录
S13913,吕娜洁,成绩低于60分且存在缺勤记录
S13922,沈萍静,成绩低于60分且存在缺勤记录
S13922,沈萍静,成绩低于60分且存在缺勤记录
S13922,沈萍静,成绩低于60分且存在缺勤记录
S13922,沈萍静,成绩低于60分且存在缺勤记录
S13931,Sophia,成绩低于60分且存在缺勤记录
S13946,魏静,成绩低于60分且存在缺勤记录
S13970,华丽,成绩低于60分且存在缺勤记录
S13971,郑欣,成绩低于60分且存在缺勤记录
S13972,周涛,成绩低于60分且存在缺勤记录
S13972,周涛,成绩低于60分且存在缺勤记录
S13972,周涛,成绩低于60分且存在缺勤记录
S13986,许博,成绩低于60分且存在缺勤记录
S13992,孙峰,成绩低于60分且存在缺勤记录
S13996,陈涛,成绩低于60分且存在缺勤记录
S14004,钱琳丽,成绩低于60分且存在缺勤记录
S14010,Ava,成绩低于60分且存在缺勤记录
S14012,朱芳,成绩低于60分且存在缺勤记录
S14012,朱芳,成绩低于60分且存在缺勤记录
S14012,朱芳,成绩低于60分且存在缺勤记录
S14030,尤倩燕,成绩低于60分且存在缺勤记录
S14030,尤倩燕,成绩低于60分且存在缺勤记录
S14030,尤倩燕,成绩低于60分且存在缺勤记录
S14030,尤倩燕,成绩低于60分且存在缺勤记录
S14045,卫涛,成绩低于60分且存在缺勤记录
S14046,李丹,成绩低于60分且存在缺勤记录
S14049,沈勇,成绩低于60分且存在缺勤记录
S14066,魏磊宇,成绩低于60分且存在缺勤记录
S14066,魏磊宇,成绩低于60分且存在缺勤记录
S14078,卫萍,成绩低于60分且存在缺勤记录
S14083,姜涛航,成绩低于60分且存在缺勤记录
S14111,Mia,成绩低于60分且存在缺勤记录
S14116,何雅静,成绩低于60分且存在缺勤记录
S14116,何雅静,成绩低于60分且存在缺勤记录
S14123,Mia,成绩低于60分且存在缺勤记录
S14127,朱超,成绩低于60分且存在缺勤记录
S14156,施敏,成绩低于60分且存在缺勤记录
S14177,秦丽,成绩低于60分且存在缺勤记录
S14177,秦丽,成绩低于60分且存在缺勤记录
S14186,Mia,成绩低于60分且存在缺勤记录
S14231,吴艳萍,成绩低于60分且存在缺勤记录
S14231,吴艳萍,成绩低于60分且存在缺勤记录
S14231,吴艳萍,成绩低于60分且存在缺勤记录
S14241,周鹏,成绩低于60分且存在缺勤记录
S14244,孔媛,成绩低于60分且存在缺勤记录
S14245,姜敏芳,成绩低于60分且存在缺勤记录
S14262,魏琳,成绩低于60分且存在缺勤记录
S14271,沈媛,成绩低于60分且存在缺勤记录
S14305,周萍琪,成绩低于60分且存在缺勤记录
S14317,沈慧婷,成绩低于60分且存在缺勤记录
S14332,曹杰浩,成绩低于60分且存在缺勤记录
S14332,曹杰浩,成绩低于60分且存在缺勤记录
S14332,曹杰浩,成绩低于60分且存在缺勤记录
S14332,曹杰浩,成绩低于60分且存在缺勤记录
S14332,曹杰浩,成绩低于60分且存在缺勤记录
S14332,曹杰浩,成绩低于60分且存在缺勤记录
S14339,孙斌,成绩低于60分且存在缺勤记录
S14339,孙斌,成绩低于60分且存在缺勤记录
S14345,冯浩,成绩低于60分且存在缺勤记录
S14350,周倩,成绩低于60分且存在缺勤记录
S14375,卫静,成绩低于60分且存在缺勤记录
S14376,张军,成绩低于60分且存在缺勤记录
S14381,王婷,成绩低于60分且存在缺勤记录
S14404,施雅慧,成绩低于60分且存在缺勤记录
S14404,施雅慧,成绩低于60分且存在缺勤记录
S14415,Ava,成绩低于60分且存在缺勤记录
S14438,金洋,成绩低于60分且存在缺勤记录
S14438,金洋,成绩低于60分且存在缺勤记录
S14447,郑颖静,成绩低于60分且存在缺勤记录
S14451,孔洋,成绩低于60分且存在缺勤记录
S14457,韩强昊,成绩低于60分且存在缺勤记录
S14462,郑磊晨,成绩低于60分且存在缺勤记录
S14462,郑磊晨,成绩低于60分且存在缺勤记录
S14482,郑倩,成绩低于60分且存在缺勤记录
S14482,郑倩,成绩低于60分且存在缺勤记录
S14485,施琪颖,成绩低于60分且存在缺勤记录
S14530,姜婷婷,成绩低于60分且存在缺勤记录
S14530,姜婷婷,成绩低于60分且存在缺勤记录
S14538,张斌,成绩低于60分且存在缺勤记录
S14539,王媛,成绩低于60分且存在缺勤记录
S14539,王媛,成绩低于60分且存在缺勤记录
S14560,蒋勇,成绩低于60分且存在缺勤记录
S14560,蒋勇,成绩低于60分且存在缺勤记录
S14569,郑慧,成绩低于60分且存在缺勤记录
S14569,郑慧,成绩低于60分且存在缺勤记录
S14569,郑慧,成绩低于60分且存在缺勤记录
S14573,Olivia,成绩低于60分且存在缺勤记录
S14574,孔婷,成绩低于60分且存在缺勤记录
S14576,赵艳,成绩低于60分且存在缺勤记录
S14608,曹欣,成绩低于60分且存在缺勤记录
S14616,孔婷婷,成绩低于60分且存在缺勤记录
S14619,魏航航,成绩低于60分且存在缺勤记录
S14619,魏航航,成绩低于60分且存在缺勤记录
S14619,魏航航,成绩低于60分且存在缺勤记录
S14643,陶昊,成绩低于60分且存在缺勤记录
S14692,姜萍,成绩低于60分且存在缺勤记录
S14692,姜萍,成绩低于60分且存在缺勤记录
S14697,严勇,成绩低于60分且存在缺勤记录
S14697,严勇,成绩低于60分且存在缺勤记录
S14697,严勇,成绩低于60分且存在缺勤记录
S14713,吴芳,成绩低于60分且存在缺勤记录
S14758,吕萍萍,成绩低于60分且存在缺勤记录
S14759,华雅,成绩低于60分且存在缺勤记录
S14760,沈航,成绩低于60分且存在缺勤记录
S14780,施鑫,成绩低于60分且存在缺勤记录
S14780,施鑫,成绩低于60分且存在缺勤记录
S14791,Sophia,成绩低于60分且存在缺勤记录
S14791,Sophia,成绩低于60分且存在缺勤记录
S14791,Sophia,成绩低于60分且存在缺勤记录
S14794,冯皓,成绩低于60分且存在缺勤记录
S14794,冯皓,成绩低于60分且存在缺勤记录
S14802,Noah,成绩低于60分且存在缺勤记录
S14802,Noah,成绩低于60分且存在缺勤记录
S14809,吴静,成绩低于60分且存在缺勤记录
S14809,吴静,成绩低于60分且存在缺勤记录
S14832,施勇,成绩低于60分且存在缺勤记录
S14832,施勇,成绩低于60分且存在缺勤记录
S14832,施勇,成绩低于60分且存在缺勤记录
S14832,施勇,成绩低于60分且存在缺勤记录
S14846,冯婷颖,成绩低于60分且存在缺勤记录
S14858,许涛,成绩低于60分且存在缺勤记录
S14864,孔静,成绩低于60分且存在缺勤记录
S14864,孔静,成绩低于60分且存在缺勤记录
S14868,周艳,成绩低于60分且存在缺勤记录
S14870,金慧,成绩低于60分且存在缺勤记录
S14899,郑燕婷,成绩低于60分且存在缺勤记录
S14899,郑燕婷,成绩低于60分且存在缺勤记录
S14899,郑燕婷,成绩低于60分且存在缺勤记录
S14901,张静,成绩低于60分且存在缺勤记录
S14911,吴燕,成绩低于60分且存在缺勤记录
S14911,吴燕,成绩低于60分且存在缺勤记录
S14931,曹芳,成绩低于60分且存在缺勤记录
S14934,姜婷,成绩低于60分且存在缺勤记录
S14934,姜婷,成绩低于60分且存在缺勤记录
S14940,赵强斌,成绩低于60分且存在缺勤记录
S14940,赵强斌,成绩低于60分且存在缺勤记录
S14945,许航磊,成绩低于60分且存在缺勤记录
S14955,孙浩,成绩低于60分且存在缺勤记录
S14962,孔勇,成绩低于60分且存在缺勤记录
S14962,孔勇,成绩低于60分且存在缺勤记录
S14962,孔勇,成绩低于60分且存在缺勤记录
S14984,孙琳媛,成绩低于60分且存在缺勤记录
S14984,孙琳媛,成绩低于60分且存在缺勤记录
S14984,孙琳媛,成绩低于60分且存在缺勤记录
S14989,华丹,成绩低于60分且存在缺勤记录
S15001,华艳,成绩低于60分且存在缺勤记录
S15005,孙皓,成绩低于60分且存在缺勤记录
S15005,孙皓,成绩低于60分且存在缺勤记录
S15012,周晨,成绩低于60分且存在缺勤记录
S15014,朱昊鑫,成绩低于60分且存在缺勤记录
S15018,卫敏倩,成绩低于60分且存在缺勤记录
S15033,钱涛,成绩低于60分且存在缺勤记录
S15037,杨峰军,成绩低于60分且存在缺勤记录
S15038,褚萍慧,成绩低于60分且存在缺勤记录
S15069,赵慧,成绩低于60分且存在缺勤记录
S15069,赵慧,成绩低于60分且存在缺勤记录
S15084,钱雅,成绩低于60分且存在缺勤记录
S15084,钱雅,成绩低于60分且存在缺勤记录
S15084,钱雅,成绩低于60分且存在缺勤记录
S15084,钱雅,成绩低于60分且存在缺勤记录
S15084,钱雅,成绩低于60分且存在缺勤记录
S15084,钱雅,成绩低于60分且存在缺勤记录
S15115,曹皓,成绩低于60分且存在缺勤记录
S15150,严慧,成绩低于60分且存在缺勤记录
S15150,严慧,成绩低于60分且存在缺勤记录
S15163,Lucas,成绩低于60分且存在缺勤记录
S15174,Isabella,成绩低于60分且存在缺勤记录
S15196,金鹏,成绩低于60分且存在缺勤记录
S15222,李宇,成绩低于60分且存在缺勤记录
S15222,李宇,成绩低于60分且存在缺勤记录
S15227,尤媛,成绩低于60分且存在缺勤记录
S15227,尤媛,成绩低于60分且存在缺勤记录
S15232,Olivia,成绩低于60分且存在缺勤记录
S15245,金慧雪,成绩低于60分且存在缺勤记录
S15246,李皓,成绩低于60分且存在缺勤记录
S15246,李皓,成绩低于60分且存在缺勤记录
S15276,Emma,成绩低于60分且存在缺勤记录
S15282,华博凯,成绩低于60分且存在缺勤记录
S15282,华博凯,成绩低于60分且存在缺勤记录
S15282,华博凯,成绩低于60分且存在缺勤记录
S15300,Isabella,成绩低于60分且存在缺勤记录
S15320,陶丹,成绩低于60分且存在缺勤记录
S15340,姜勇军,成绩低于60分且存在缺勤记录
S15344,吴萍,成绩低于60分且存在缺勤记录
S15344,吴萍,成绩低于60分且存在缺勤记录
S15346,褚晨,成绩低于60分且存在缺勤记录
S15346,褚晨,成绩低于60分且存在缺勤记录
S15362,施博,成绩低于60分且存在缺勤记录
S15387,沈鑫,成绩低于60分且存在缺勤记录
S15393,杨媛,成绩低于60分且存在缺勤记录
S15393,杨媛,成绩低于60分且存在缺勤记录
S15399,秦强,成绩低于60分且存在缺勤记录
S15399,秦强,成绩低于60分且存在缺勤记录
S15419,王娜雅,成绩低于60分且存在缺勤记录
S15428,钱芳,成绩低于60分且存在缺勤记录
S15442,施杰,成绩低于60分且存在缺勤记录
S15442,施杰,成绩低于60分且存在缺勤记录
S15446,吴涛洋,成绩低于60分且存在缺勤记录
S15446,吴涛洋,成绩低于60分且存在缺勤记录
S15446,吴涛洋,成绩低于60分且存在缺勤记录
S15448,许洋,成绩低于60分且存在缺勤记录
S15453,郑斌,成绩低于60分且存在缺勤记录
S15459,蒋洋皓,成绩低于60分且存在缺勤记录
S15459,蒋洋皓,成绩低于60分且存在缺勤记录
S15459,蒋洋皓,成绩低于60分且存在缺勤记录
S15476,Isabella,成绩低于60分且存在缺勤记录
S15509,吕涛,成绩低于60分且存在缺勤记录
S15509,吕涛,成绩低于60分且存在缺勤记录
S15519,秦磊伟,成绩低于60分且存在缺勤记录
S15520,郑雪,成绩低于60分且存在缺勤记录
S15560,赵雪,成绩低于60分且存在缺勤记录
S15592,吕晨磊,成绩低于60分且存在缺勤记录
S15594,施峰,成绩低于60分且存在缺勤记录
S15594,施峰,成绩低于60分且存在缺勤记录
S15607,金琳,成绩低于60分且存在缺勤记录
S15613,Liam,成绩低于60分且存在缺勤记录
S15613,Liam,成绩低于60分且存在缺勤记录
S15621,许斌,成绩低于60分且存在缺勤记录
S15621,许斌,成绩低于60分且存在缺勤记录
S15639,杨博,成绩低于60分且存在缺勤记录
S15639,杨博,成绩低于60分且存在缺勤记录
S15643,华军,成绩低于60分且存在缺勤记录
S15643,华军,成绩低于60分且存在缺勤记录
S15652,钱艳,成绩低于60分且存在缺勤记录
S15679,陶晨,成绩低于60分且存在缺勤记录
S15679,陶晨,成绩低于60分且存在缺勤记录
S15691,褚勇斌,成绩低于60分且存在缺勤记录
S15709,许博,成绩低于60分且存在缺勤记录
S15709,许博,成绩低于60分且存在缺勤记录
S15713,施敏,成绩低于60分且存在缺勤记录
S15768,魏媛,成绩低于60分且存在缺勤记录
S15769,冯洋,成绩低于60分且存在缺勤记录
S15773,魏鹏,成绩低于60分且存在缺勤记录
S15785,韩艳颖,成绩低于60分且存在缺勤记录
S15794,曹芳,成绩低于60分且存在缺勤记录
S15794,曹芳,成绩低于60分且存在缺勤记录
S15799,赵萍,成绩低于60分且存在缺勤记录
S15819,杨强,成绩低于60分且存在缺勤记录
S15819,杨强,成绩低于60分且存在缺勤记录
S15839,赵晨伟,成绩低于60分且存在缺勤记录
S15839,赵晨伟,成绩低于60分且存在缺勤记录
S15839,赵晨伟,成绩低于60分且存在缺勤记录
S15861,赵琳,成绩低于60分且存在缺勤记录
S15873,郑宇,成绩低于60分且存在缺勤记录
S15890,施斌,成绩低于60分且存在缺勤记录
S15890,施斌,成绩低于60分且存在缺勤记录
S15908,施博浩,成绩低于60分且存在缺勤记录
S15922,李燕,成绩低于60分且存在缺勤记录
S15922,李燕,成绩低于60分且存在缺勤记录
S15922,李燕,成绩低于60分且存在缺勤记录
S15932,冯敏,成绩低于60分且存在缺勤记录
S15949,金斌晨,成绩低于60分且存在缺勤记录
S15961,尤娜,成绩低于60分且存在缺勤记录
S15961,尤娜,成绩低于60分且存在缺勤记录
S15971,杨宇航,成绩低于60分且存在缺勤记录
S15996,Isabella,成绩低于60分且存在缺勤记录
S15996,Isabella,成绩低于60分且存在缺勤记录
S16004,郑鹏,成绩低于60分且存在缺勤记录
S16004,郑鹏,成绩低于60分且存在缺勤记录
S16027,蒋艳琳,成绩低于60分且存在缺勤记录
S16056,Olivia,成绩低于60分且存在缺勤记录
S16056,Olivia,成绩低于60分且存在缺勤记录
S16056,Olivia,成绩低于60分且存在缺勤记录
S16056,Olivia,成绩低于60分且存在缺勤记录
S16070,严静,成绩低于60分且存在缺勤记录
S16109,施艳雪,成绩低于60分且存在缺勤记录
S16146,吕娜,成绩低于60分且存在缺勤记录
S16153,钱军,成绩低于60分且存在缺勤记录
S16158,Lucas,成绩低于60分且存在缺勤记录
S16158,Lucas,成绩低于60分且存在缺勤记录
S16165,王琪,成绩低于60分且存在缺勤记录
S16165,王琪,成绩低于60分且存在缺勤记录
S16170,Sophia,成绩低于60分且存在缺勤记录
S16170,Sophia,成绩低于60分且存在缺勤记录
S16192,杨静,成绩低于60分且存在缺勤记录
S16192,杨静,成绩低于60分且存在缺勤记录
S16206,杨皓,成绩低于60分且存在缺勤记录
S16230,许航,成绩低于60分且存在缺勤记录
S16232,Mia,成绩低于60分且存在缺勤记录
S16237,Noah,成绩低于60分且存在缺勤记录
S16260,秦艳,成绩低于60分且存在缺勤记录
S16283,曹洁媛,成绩低于60分且存在缺勤记录
S16283,曹洁媛,成绩低于60分且存在缺勤记录
S16285,赵洁,成绩低于60分且存在缺勤记录
S16308,秦媛,成绩低于60分且存在缺勤记录
S16308,秦媛,成绩低于60分且存在缺勤记录
S16311,秦燕,成绩低于60分且存在缺勤记录
S16311,秦燕,成绩低于60分且存在缺勤记录
S16315,姜颖,成绩低于60分且存在缺勤记录
S16315,姜颖,成绩低于60分且存在缺勤记录
S16334,Emma,成绩低于60分且存在缺勤记录
S16334,Emma,成绩低于60分且存在缺勤记录
S16334,Emma,成绩低于60分且存在缺勤记录
S16342,陶鹏,成绩低于60分且存在缺勤记录
S16353,金峰,成绩低于60分且存在缺勤记录
S16353,金峰,成绩低于60分且存在缺勤记录
S16366,孙杰杰,成绩低于60分且存在缺勤记录
S16389,韩皓,成绩低于60分且存在缺勤记录
S16393,Sophia,成绩低于60分且存在缺勤记录
S16393,Sophia,成绩低于60分且存在缺勤记录
S16404,冯昊强,成绩低于60分且存在缺勤记录
S16404,冯昊强,成绩低于60分且存在缺勤记录
S16426,何博,成绩低于60分且存在缺勤记录
S16457,王婷,成绩低于60分且存在缺勤记录
S16482,魏伟勇,成绩低于60分且存在缺勤记录
S16495,杨磊鹏,成绩低于60分且存在缺勤记录
S16496,陈航,成绩低于60分且存在缺勤记录
S16496,陈航,成绩低于60分且存在缺勤记录
S16521,吕杰,成绩低于60分且存在缺勤记录
S16524,孔慧,成绩低于60分且存在缺勤记录
S16524,孔慧,成绩低于60分且存在缺勤记录
S16586,Sophia,成绩低于60分且存在缺勤记录
S16589,卫凯,成绩低于60分且存在缺勤记录
S16589,卫凯,成绩低于60分且存在缺勤记录
S16591,王颖艳,成绩低于60分且存在缺勤记录
S16601,李雅,成绩低于60分且存在缺勤记录
S16622,严丽雅,成绩低于60分且存在缺勤记录
S16622,严丽雅,成绩低于60分且存在缺勤记录
S16622,严丽雅,成绩低于60分且存在缺勤记录
S16622,严丽雅,成绩低于60分且存在缺勤记录
S16631,张强,成绩低于60分且存在缺勤记录
S16631,张强,成绩低于60分且存在缺勤记录
S16631,张强,成绩低于60分且存在缺勤记录
S16637,韩鑫,成绩低于60分且存在缺勤记录
S16645,郑勇,成绩低于60分且存在缺勤记录
S16645,郑勇,成绩低于60分且存在缺勤记录
S16671,华超鑫,成绩低于60分且存在缺勤记录
S16679,Mia,成绩低于60分且存在缺勤记录
S16679,Mia,成绩低于60分且存在缺勤记录
S16685,冯燕慧,成绩低于60分且存在缺勤记录
S16699,Isabella,成绩低于60分且存在缺勤记录
S16710,冯浩晨,成绩低于60分且存在缺勤记录
S16710,冯浩晨,成绩低于60分且存在缺勤记录
S16711,孔博,成绩低于60分且存在缺勤记录
S16711,孔博,成绩低于60分且存在缺勤记录
S16713,吕晨,成绩低于60分且存在缺勤记录
S16713,吕晨,成绩低于60分且存在缺勤记录
S16718,秦杰,成绩低于60分且存在缺勤记录
S16718,秦杰,成绩低于60分且存在缺勤记录
S16739,施媛琪,成绩低于60分且存在缺勤记录
S16739,施媛琪,成绩低于60分且存在缺勤记录
S16766,姜艳,成绩低于60分且存在缺勤记录
S16766,姜艳,成绩低于60分且存在缺勤记录
S16766,姜艳,成绩低于60分且存在缺勤记录
S16768,尤娜,成绩低于60分且存在缺勤记录
S16772,张博,成绩低于60分且存在缺勤记录
S16772,张博,成绩低于60分且存在缺勤记录
S16772,张博,成绩低于60分且存在缺勤记录
S16772,张博,成绩低于60分且存在缺勤记录
S16776,吴鑫博,成绩低于60分且存在缺勤记录
S16776,吴鑫博,成绩低于60分且存在缺勤记录
S16776,吴鑫博,成绩低于60分且存在缺勤记录
S16786,秦宇航,成绩低于60分且存在缺勤记录
S16873,孙颖芳,成绩低于60分且存在缺勤记录
S16904,沈媛,成绩低于60分且存在缺勤记录
S16904,沈媛,成绩低于60分且存在缺勤记录
S16905,尤洋皓,成绩低于60分且存在缺勤记录
S16908,蒋涛强,成绩低于60分且存在缺勤记录
S16915,孙皓,成绩低于60分且存在缺勤记录
S16944,郑斌,成绩低于60分且存在缺勤记录
S16944,郑斌,成绩低于60分且存在缺勤记录
S16982,孙艳媛,成绩低于60分且存在缺勤记录
S16983,魏宇,成绩低于60分且存在缺勤记录
S16983,魏宇,成绩低于60分且存在缺勤记录
S16996,Lucas,成绩低于60分且存在缺勤记录
S16996,Lucas,成绩低于60分且存在缺勤记录
S17049,褚峰皓,成绩低于60分且存在缺勤记录
S17049,褚峰皓,成绩低于60分且存在缺勤记录
S17049,褚峰皓,成绩低于60分且存在缺勤记录
S17066,孔涛,成绩低于60分且存在缺勤记录
S17074,秦琪,成绩低于60分且存在缺勤记录
S17096,严静琳,成绩低于60分且存在缺勤记录
S17139,严倩,成绩低于60分且存在缺勤记录
S17139,严倩,成绩低于60分且存在缺勤记录
S17139,严倩,成绩低于60分且存在缺勤记录
S17180,张颖,成绩低于60分且存在缺勤记录
S17181,韩超,成绩低于60分且存在缺勤记录
S17181,韩超,成绩低于60分且存在缺勤记录
S17187,Olivia,成绩低于60分且存在缺勤记录
S17187,Olivia,成绩低于60分且存在缺勤记录
S17189,钱强,成绩低于60分且存在缺勤记录
S17189,钱强,成绩低于60分且存在缺勤记录
S17189,钱强,成绩低于60分且存在缺勤记录
S17189,钱强,成绩低于60分且存在缺勤记录
S17189,钱强,成绩低于60分且存在缺勤记录
S17189,钱强,成绩低于60分且存在缺勤记录
S17194,何洁,成绩低于60分且存在缺勤记录
S17199,吕燕,成绩低于60分且存在缺勤记录
S17231,Emma,成绩低于60分且存在缺勤记录
S17251,何强,成绩低于60分且存在缺勤记录
S17251,何强,成绩低于60分且存在缺勤记录
S17256,陈皓,成绩低于60分且存在缺勤记录
S17256,陈皓,成绩低于60分且存在缺勤记录
S17257,姜博强,成绩低于60分且存在缺勤记录
S17257,姜博强,成绩低于60分且存在缺勤记录
S17268,李超,成绩低于60分且存在缺勤记录
S17279,郑艳,成绩低于60分且存在缺勤记录
S17280,杨宇洋,成绩低于60分且存在缺勤记录
S17294,赵涛,成绩低于60分且存在缺勤记录
S17303,尤强宇,成绩低于60分且存在缺勤记录
S17306,魏丽,成绩低于60分且存在缺勤记录
S17316,褚皓伟,成绩低于60分且存在缺勤记录
S17320,吴娜,成绩低于60分且存在缺勤记录
S17320,吴娜,成绩低于60分且存在缺勤记录
S17334,魏航,成绩低于60分且存在缺勤记录
S17334,魏航,成绩低于60分且存在缺勤记录
S17334,魏航,成绩低于60分且存在缺勤记录
S17356,周颖,成绩低于60分且存在缺勤记录
S17356,周颖,成绩低于60分且存在缺勤记录
S17363,钱洁,成绩低于60分且存在缺勤记录
S17363,钱洁,成绩低于60分且存在缺勤记录
S17375,Liam,成绩低于60分且存在缺勤记录
S17375,Liam,成绩低于60分且存在缺勤记录
S17382,郑倩,成绩低于60分且存在缺勤记录
S17382,郑倩,成绩低于60分且存在缺勤记录
S17393,曹博,成绩低于60分且存在缺勤记录
S17393,曹博,成绩低于60分且存在缺勤记录
S17454,金萍媛,成绩低于60分且存在缺勤记录
S17454,金萍媛,成绩低于60分且存在缺勤记录
S17454,金萍媛,成绩低于60分且存在缺勤记录
S17466,何雪,成绩低于60分且存在缺勤记录
S17466,何雪,成绩低于60分且存在缺勤记录
S17467,韩静,成绩低于60分且存在缺勤记录
S17481,陶斌,成绩低于60分且存在缺勤记录
S17482,许媛婷,成绩低于60分且存在缺勤记录
S17482,许媛婷,成绩低于60分且存在缺勤记录
S17482,许媛婷,成绩低于60分且存在缺勤记录
S17489,卫鑫宇,成绩低于60分且存在缺勤记录
S17489,卫鑫宇,成绩低于60分且存在缺勤记录
S17493,王涛,成绩低于60分且存在缺勤记录
S17501,赵媛,成绩低于60分且存在缺勤记录
S17501,赵媛,成绩低于60分且存在缺勤记录
S17517,姜昊鹏,成绩低于60分且存在缺勤记录
S17517,姜昊鹏,成绩低于60分且存在缺勤记录
S17517,姜昊鹏,成绩低于60分且存在缺勤记录
S17517,姜昊鹏,成绩低于60分且存在缺勤记录
S17521,卫洁,成绩低于60分且存在缺勤记录
S17584,赵欣倩,成绩低于60分且存在缺勤记录
S17609,杨凯,成绩低于60分且存在缺勤记录
S17609,杨凯,成绩低于60分且存在缺勤记录
S17641,蒋雪,成绩低于60分且存在缺勤记录
S17644,王艳,成绩低于60分且存在缺勤记录
S17644,王艳,成绩低于60分且存在缺勤记录
S17646,许芳芳,成绩低于60分且存在缺勤记录
S17646,许芳芳,成绩低于60分且存在缺勤记录
S17646,许芳芳,成绩低于60分且存在缺勤记录
S17646,许芳芳,成绩低于60分且存在缺勤记录
S17656,张军,成绩低于60分且存在缺勤记录
S17656,张军,成绩低于60分且存在缺勤记录
S17656,张军,成绩低于60分且存在缺勤记录
S17656,张军,成绩低于60分且存在缺勤记录
S17671,Liam,成绩低于60分且存在缺勤记录
S17671,Liam,成绩低于60分且存在缺勤记录
S17678,严强峰,成绩低于60分且存在缺勤记录
S17678,严强峰,成绩低于60分且存在缺勤记录
S17684,孙洋斌,成绩低于60分且存在缺勤记录
S17688,张燕雪,成绩低于60分且存在缺勤记录
S17691,金慧,成绩低于60分且存在缺勤记录
S17717,陈颖,成绩低于60分且存在缺勤记录
S17743,吕超博,成绩低于60分且存在缺勤记录
S17743,吕超博,成绩低于60分且存在缺勤记录
S17743,吕超博,成绩低于60分且存在缺勤记录
S17743,吕超博,成绩低于60分且存在缺勤记录
S17743,吕超博,成绩低于60分且存在缺勤记录
S17756,张鑫浩,成绩低于60分且存在缺勤记录
S17762,冯涛,成绩低于60分且存在缺勤记录
S17786,尤慧,成绩低于60分且存在缺勤记录
S17786,尤慧,成绩低于60分且存在缺勤记录
S17801,施媛,成绩低于60分且存在缺勤记录
S17819,卫琳,成绩低于60分且存在缺勤记录
S17819,卫琳,成绩低于60分且存在缺勤记录
S17874,钱涛,成绩低于60分且存在缺勤记录
S17874,钱涛,成绩低于60分且存在缺勤记录
S17879,赵峰,成绩低于60分且存在缺勤记录
S17879,赵峰,成绩低于60分且存在缺勤记录
S17879,赵峰,成绩低于60分且存在缺勤记录
S17879,赵峰,成绩低于60分且存在缺勤记录
S17879,赵峰,成绩低于60分且存在缺勤记录
S17879,赵峰,成绩低于60分且存在缺勤记录
S17883,吕芳,成绩低于60分且存在缺勤记录
S17905,卫雪,成绩低于60分且存在缺勤记录
S17939,魏峰,成绩低于60分且存在缺勤记录
S17946,许勇,成绩低于60分且存在缺勤记录
S17954,金斌昊,成绩低于60分且存在缺勤记录
S17954,金斌昊,成绩低于60分且存在缺勤记录
S17954,金斌昊,成绩低于60分且存在缺勤记录
S17956,陶静,成绩低于60分且存在缺勤记录
S17956,陶静,成绩低于60分且存在缺勤记录
S17956,陶静,成绩低于60分且存在缺勤记录
S17958,蒋雅,成绩低于60分且存在缺勤记录
S17958,蒋雅,成绩低于60分且存在缺勤记录
S17958,蒋雅,成绩低于60分且存在缺勤记录
S17958,蒋雅,成绩低于60分且存在缺勤记录
S17968,Emma,成绩低于60分且存在缺勤记录
S17974,何皓,成绩低于60分且存在缺勤记录
S17974,何皓,成绩低于60分且存在缺勤记录
S17975,韩斌,成绩低于60分且存在缺勤记录
S17975,韩斌,成绩低于60分且存在缺勤记录
S17981,卫洋杰,成绩低于60分且存在缺勤记录
S17981,卫洋杰,成绩低于60分且存在缺勤记录
S17982,Sophia,成绩低于60分且存在缺勤记录
S17988,朱洋,成绩低于60分且存在缺勤记录
S18003,吕倩媛,成绩低于60分且存在缺勤记录
S18003,吕倩媛,成绩低于60分且存在缺勤记录
S18003,吕倩媛,成绩低于60分且存在缺勤记录
S18005,王娜,成绩低于60分且存在缺勤记录
S18005,王娜,成绩低于60分且存在缺勤记录
S18016,何媛,成绩低于60分且存在缺勤记录
S18016,何媛,成绩低于60分且存在缺勤记录
S18020,Olivia,成绩低于60分且存在缺勤记录
S18025,尤皓,成绩低于60分且存在缺勤记录
S18025,尤皓,成绩低于60分且存在缺勤记录
S18045,张超,成绩低于60分且存在缺勤记录
S18045,张超,成绩低于60分且存在缺勤记录
S18047,杨涛,成绩低于60分且存在缺勤记录
S18047,杨涛,成绩低于60分且存在缺勤记录
S18064,Ava,成绩低于60分且存在缺勤记录
S18084,严洋,成绩低于60分且存在缺勤记录
S18084,严洋,成绩低于60分且存在缺勤记录
S18085,陈敏丹,成绩低于60分且存在缺勤记录
S18085,陈敏丹,成绩低于60分且存在缺勤记录
S18095,褚婷,成绩低于60分且存在缺勤记录
S18096,张雅燕,成绩低于60分且存在缺勤记录
S18101,秦欣芳,成绩低于60分且存在缺勤记录
S18101,秦欣芳,成绩低于60分且存在缺勤记录
S18101,秦欣芳,成绩低于60分且存在缺勤记录
S18101,秦欣芳,成绩低于60分且存在缺勤记录
S18146,严斌,成绩低于60分且存在缺勤记录
S18146,严斌,成绩低于60分且存在缺勤记录
S18148,李雪雪,成绩低于60分且存在缺勤记录
S18151,吴涛,成绩低于60分且存在缺勤记录
S18151,吴涛,成绩低于60分且存在缺勤记录
S18151,吴涛,成绩低于60分且存在缺勤记录
S18168,王浩,成绩低于60分且存在缺勤记录
S18242,许丹,成绩低于60分且存在缺勤记录
S18242,许丹,成绩低于60分且存在缺勤记录
S18246,沈皓,成绩低于60分且存在缺勤记录
S18246,沈皓,成绩低于60分且存在缺勤记录
S18248,杨敏,成绩低于60分且存在缺勤记录
S18257,郑琳萍,成绩低于60分且存在缺勤记录
S18257,郑琳萍,成绩低于60分且存在缺勤记录
S18257,郑琳萍,成绩低于60分且存在缺勤记录
S18283,陈燕,成绩低于60分且存在缺勤记录
S18294,王昊皓,成绩低于60分且存在缺勤记录
S18294,王昊皓,成绩低于60分且存在缺勤记录
S18302,曹皓峰,成绩低于60分且存在缺勤记录
S18302,曹皓峰,成绩低于60分且存在缺勤记录
S18302,曹皓峰,成绩低于60分且存在缺勤记录
S18337,孙静,成绩低于60分且存在缺勤记录
S18356,Ethan,成绩低于60分且存在缺勤记录
S18358,郑超晨,成绩低于60分且存在缺勤记录
S18358,郑超晨,成绩低于60分且存在缺勤记录
S18360,姜斌昊,成绩低于60分且存在缺勤记录
S18360,姜斌昊,成绩低于60分且存在缺勤记录
S18361,金杰,成绩低于60分且存在缺勤记录
S18361,金杰,成绩低于60分且存在缺勤记录
S18374,吴娜,成绩低于60分且存在缺勤记录
S18386,施晨军,成绩低于60分且存在缺勤记录
S18386,施晨军,成绩低于60分且存在缺勤记录
S18396,曹斌,成绩低于60分且存在缺勤记录
S18405,魏敏,成绩低于60分且存在缺勤记录
S18413,华磊,成绩低于60分且存在缺勤记录
S18413,华磊,成绩低于60分且存在缺勤记录
S18413,华磊,成绩低于60分且存在缺勤记录
S18413,华磊,成绩低于60分且存在缺勤记录
S18427,周雅,成绩低于60分且存在缺勤记录
S18429,姜琳敏,成绩低于60分且存在缺勤记录
S18429,姜琳敏,成绩低于60分且存在缺勤记录
S18447,华洁,成绩低于60分且存在缺勤记录
S18447,华洁,成绩低于60分且存在缺勤记录
S18447,华洁,成绩低于60分且存在缺勤记录
S18447,华洁,成绩低于60分且存在缺勤记录
S18467,孙雪,成绩低于60分且存在缺勤记录
S18467,孙雪,成绩低于60分且存在缺勤记录
S18472,孙慧倩,成绩低于60分且存在缺勤记录
S18472,孙慧倩,成绩低于60分且存在缺勤记录
S18478,施芳,成绩低于60分且存在缺勤记录
S18495,金娜,成绩低于60分且存在缺勤记录
S18495,金娜,成绩低于60分且存在缺勤记录
S18495,金娜,成绩低于60分且存在缺勤记录
S18495,金娜,成绩低于60分且存在缺勤记录
S18499,曹浩,成绩低于60分且存在缺勤记录
S18516,钱倩,成绩低于60分且存在缺勤记录
S18516,钱倩,成绩低于60分且存在缺勤记录
S18523,秦博皓,成绩低于60分且存在缺勤记录
S18588,严艳,成绩低于60分且存在缺勤记录
S18588,严艳,成绩低于60分且存在缺勤记录
S18588,严艳,成绩低于60分且存在缺勤记录
S18591,杨丹静,成绩低于60分且存在缺勤记录
S18591,杨丹静,成绩低于60分且存在缺勤记录
S18611,沈鹏,成绩低于60分且存在缺勤记录
S18627,许宇,成绩低于60分且存在缺勤记录
S18647,赵鹏,成绩低于60分且存在缺勤记录
S18647,赵鹏,成绩低于60分且存在缺勤记录
S18654,Ethan,成绩低于60分且存在缺勤记录
S18654,Ethan,成绩低于60分且存在缺勤记录
S18680,严静,成绩低于60分且存在缺勤记录
S18683,沈倩,成绩低于60分且存在缺勤记录
S18683,沈倩,成绩低于60分且存在缺勤记录
S18688,冯欣,成绩低于60分且存在缺勤记录
S18690,尤媛芳,成绩低于60分且存在缺勤记录
S18691,吴皓,成绩低于60分且存在缺勤记录
S18691,吴皓,成绩低于60分且存在缺勤记录
S18691,吴皓,成绩低于60分且存在缺勤记录
S18692,赵凯,成绩低于60分且存在缺勤记录
S18692,赵凯,成绩低于60分且存在缺勤记录
S18692,赵凯,成绩低于60分且存在缺勤记录
S18692,赵凯,成绩低于60分且存在缺勤记录
S18705,陈航,成绩低于60分且存在缺勤记录
S18705,陈航,成绩低于60分且存在缺勤记录
S18705,陈航,成绩低于60分且存在缺勤记录
S18711,郑倩颖,成绩低于60分且存在缺勤记录
S18711,郑倩颖,成绩低于60分且存在缺勤记录
S18738,金芳萍,成绩低于60分且存在缺勤记录
S18738,金芳萍,成绩低于60分且存在缺勤记录
S18748,王航,成绩低于60分且存在缺勤记录
S18748,王航,成绩低于60分且存在缺勤记录
S18748,王航,成绩低于60分且存在缺勤记录
S18748,王航,成绩低于60分且存在缺勤记录
S18764,Ethan,成绩低于60分且存在缺勤记录
S18764,Ethan,成绩低于60分且存在缺勤记录
S18764,Ethan,成绩低于60分且存在缺勤记录
S18764,Ethan,成绩低于60分且存在缺勤记录
S18764,Ethan,成绩低于60分且存在缺勤记录
S18764,Ethan,成绩低于60分且存在缺勤记录
S18766,严鑫,成绩低于60分且存在缺勤记录
S18766,严鑫,成绩低于60分且存在缺勤记录
S18766,严鑫,成绩低于60分且存在缺勤记录
S18767,褚静,成绩低于60分且存在缺勤记录
S18767,褚静,成绩低于60分且存在缺勤记录
S18774,褚鹏,成绩低于60分且存在缺勤记录
S18782,吴静,成绩低于60分且存在缺勤记录
S18782,吴静,成绩低于60分且存在缺勤记录
S18782,吴静,成绩低于60分且存在缺勤记录
S18821,杨鹏,成绩低于60分且存在缺勤记录
S18829,Sophia,成绩低于60分且存在缺勤记录
S18829,Sophia,成绩低于60分且存在缺勤记录
S18837,钱凯超,成绩低于60分且存在缺勤记录
S18855,Mia,成绩低于60分且存在缺勤记录
S18858,冯静,成绩低于60分且存在缺勤记录
S18865,何丽,成绩低于60分且存在缺勤记录
S18865,何丽,成绩低于60分且存在缺勤记录
S18865,何丽,成绩低于60分且存在缺勤记录
S18878,吕杰,成绩低于60分且存在缺勤记录
S18878,吕杰,成绩低于60分且存在缺勤记录
S18880,施晨,成绩低于60分且存在缺勤记录
S18883,吕军,成绩低于60分且存在缺勤记录
S18883,吕军,成绩低于60分且存在缺勤记录
S18883,吕军,成绩低于60分且存在缺勤记录
S18883,吕军,成绩低于60分且存在缺勤记录
S18886,冯琳,成绩低于60分且存在缺勤记录
S18889,吕洋凯,成绩低于60分且存在缺勤记录
S18933,Noah,成绩低于60分且存在缺勤记录
S18951,Ethan,成绩低于60分且存在缺勤记录
S18954,何慧,成绩低于60分且存在缺勤记录
S18957,张慧,成绩低于60分且存在缺勤记录
S18957,张慧,成绩低于60分且存在缺勤记录
S18998,朱芳,成绩低于60分且存在缺勤记录
S19005,Emma,成绩低于60分且存在缺勤记录
S19005,Emma,成绩低于60分且存在缺勤记录
S19006,何宇,成绩低于60分且存在缺勤记录
S19014,蒋凯,成绩低于60分且存在缺勤记录
S19014,蒋凯,成绩低于60分且存在缺勤记录
S19014,蒋凯,成绩低于60分且存在缺勤记录
S19014,蒋凯,成绩低于60分且存在缺勤记录
S19016,蒋芳,成绩低于60分且存在缺勤记录
S19037,王琳,成绩低于60分且存在缺勤记录
S19041,何洋鹏,成绩低于60分且存在缺勤记录
S19041,何洋鹏,成绩低于60分且存在缺勤记录
S19042,吴军,成绩低于60分且存在缺勤记录
S19042,吴军,成绩低于60分且存在缺勤记录
S19042,吴军,成绩低于60分且存在缺勤记录
S19082,杨杰,成绩低于60分且存在缺勤记录
S19082,杨杰,成绩低于60分且存在缺勤记录
S19087,严丽,成绩低于60分且存在缺勤记录
S19097,冯磊鹏,成绩低于60分且存在缺勤记录
S19097,冯磊鹏,成绩低于60分且存在缺勤记录
S19105,杨磊峰,成绩低于60分且存在缺勤记录
S19131,Mia,成绩低于60分且存在缺勤记录
S19131,Mia,成绩低于60分且存在缺勤记录
S19142,Olivia,成绩低于60分且存在缺勤记录
S19142,Olivia,成绩低于60分且存在缺勤记录
S19149,孙雪,成绩低于60分且存在缺勤记录
S19149,孙雪,成绩低于60分且存在缺勤记录
S19149,孙雪,成绩低于60分且存在缺勤记录
S19163,周晨,成绩低于60分且存在缺勤记录
S19181,华静,成绩低于60分且存在缺勤记录
S19181,华静,成绩低于60分且存在缺勤记录
S19181,华静,成绩低于60分且存在缺勤记录
S19191,周丹,成绩低于60分且存在缺勤记录
S19208,赵洁,成绩低于60分且存在缺勤记录
S19208,赵洁,成绩低于60分且存在缺勤记录
S19208,赵洁,成绩低于60分且存在缺勤记录
S19216,严勇,成绩低于60分且存在缺勤记录
S19230,褚洋超,成绩低于60分且存在缺勤记录
S19252,Mia,成绩低于60分且存在缺勤记录
S19252,Mia,成绩低于60分且存在缺勤记录
S19252,Mia,成绩低于60分且存在缺勤记录
S19252,Mia,成绩低于60分且存在缺勤记录
S19289,吕敏,成绩低于60分且存在缺勤记录
S19313,华雪琳,成绩低于60分且存在缺勤记录
S19313,华雪琳,成绩低于60分且存在缺勤记录
S19331,王杰,成绩低于60分且存在缺勤记录
S19331,王杰,成绩低于60分且存在缺勤记录
S19331,王杰,成绩低于60分且存在缺勤记录
S19337,吴媛,成绩低于60分且存在缺勤记录
S19337,吴媛,成绩低于60分且存在缺勤记录
S19337,吴媛,成绩低于60分且存在缺勤记录
S19337,吴媛,成绩低于60分且存在缺勤记录
S19362,魏艳,成绩低于60分且存在缺勤记录
S19366,褚婷,成绩低于60分且存在缺勤记录
S19366,褚婷,成绩低于60分且存在缺勤记录
S19377,秦欣,成绩低于60分且存在缺勤记录
S19413,尤洁,成绩低于60分且存在缺勤记录
S19413,尤洁,成绩低于60分且存在缺勤记录
S19413,尤洁,成绩低于60分且存在缺勤记录
S19433,孙丹,成绩低于60分且存在缺勤记录
S19444,Ava,成绩低于60分且存在缺勤记录
S19445,郑斌,成绩低于60分且存在缺勤记录
S19452,郑峰,成绩低于60分且存在缺勤记录
S19457,吕航,成绩低于60分且存在缺勤记录
S19457,吕航,成绩低于60分且存在缺勤记录
S19473,陈凯宇,成绩低于60分且存在缺勤记录
S19479,卫萍丽,成绩低于60分且存在缺勤记录
S19497,何博,成绩低于60分且存在缺勤记录
S19497,何博,成绩低于60分且存在缺勤记录
S19516,姜浩,成绩低于60分且存在缺勤记录
S19516,姜浩,成绩低于60分且存在缺勤记录
S19533,Sophia,成绩低于60分且存在缺勤记录
S19536,卫斌,成绩低于60分且存在缺勤记录
S19536,卫斌,成绩低于60分且存在缺勤记录
S19536,卫斌,成绩低于60分且存在缺勤记录
S19540,杨芳,成绩低于60分且存在缺勤记录
S19540,杨芳,成绩低于60分且存在缺勤记录
S19540,杨芳,成绩低于60分且存在缺勤记录
S19550,尤雅,成绩低于60分且存在缺勤记录
S19550,尤雅,成绩低于60分且存在缺勤记录
S19553,朱凯,成绩低于60分且存在缺勤记录
S19553,朱凯,成绩低于60分且存在缺勤记录
S19553,朱凯,成绩低于60分且存在缺勤记录
S19564,Ava,成绩低于60分且存在缺勤记录
S19566,魏燕燕,成绩低于60分且存在缺勤记录
S19583,姜燕倩,成绩低于60分且存在缺勤记录
S19594,褚欣,成绩低于60分且存在缺勤记录
S19599,秦超,成绩低于60分且存在缺勤记录
S19621,施洁,成绩低于60分且存在缺勤记录
S19646,赵丹雪,成绩低于60分且存在缺勤记录
S19646,赵丹雪,成绩低于60分且存在缺勤记录
S19646,赵丹雪,成绩低于60分且存在缺勤记录
S19657,王军,成绩低于60分且存在缺勤记录
S19667,华强,成绩低于60分且存在缺勤记录
S19667,华强,成绩低于60分且存在缺勤记录
S19672,孙磊,成绩低于60分且存在缺勤记录
S19674,姜宇,成绩低于60分且存在缺勤记录
S19674,姜宇,成绩低于60分且存在缺勤记录
S19683,何丽,成绩低于60分且存在缺勤记录
S19683,何丽,成绩低于60分且存在缺勤记录
S19708,王晨,成绩低于60分且存在缺勤记录
S19716,吴婷,成绩低于60分且存在缺勤记录
S19716,吴婷,成绩低于60分且存在缺勤记录
S19717,朱晨,成绩低于60分且存在缺勤记录
S19717,朱晨,成绩低于60分且存在缺勤记录
S19754,朱倩,成绩低于60分且存在缺勤记录
S19769,周洁,成绩低于60分且存在缺勤记录
S19782,张雪雅,成绩低于60分且存在缺勤记录
S19782,张雪雅,成绩低于60分且存在缺勤记录
S19783,何宇斌,成绩低于60分且存在缺勤记录
S19796,孔昊,成绩低于60分且存在缺勤记录
S19796,孔昊,成绩低于60分且存在缺勤记录
S19799,陶芳,成绩低于60分且存在缺勤记录
S19806,杨慧,成绩低于60分且存在缺勤记录
S19806,杨慧,成绩低于60分且存在缺勤记录
S19806,杨慧,成绩低于60分且存在缺勤记录
S19811,韩艳丹,成绩低于60分且存在缺勤记录
S19819,Ethan,成绩低于60分且存在缺勤记录
S19825,何媛雪,成绩低于60分且存在缺勤记录
S19825,何媛雪,成绩低于60分且存在缺勤记录
S19849,郑雪,成绩低于60分且存在缺勤记录
S19849,郑雪,成绩低于60分且存在缺勤记录
S19870,陶皓,成绩低于60分且存在缺勤记录
S19870,陶皓,成绩低于60分且存在缺勤记录
S19878,张丹,成绩低于60分且存在缺勤记录
S19878,张丹,成绩低于60分且存在缺勤记录
S19890,陈涛,成绩低于60分且存在缺勤记录
S19898,Mia,成绩低于60分且存在缺勤记录
S19898,Mia,成绩低于60分且存在缺勤记录
S19899,施媛芳,成绩低于60分且存在缺勤记录
S19904,蒋萍,成绩低于60分且存在缺勤记录
S19935,张丽,成绩低于60分且存在缺勤记录
S19935,张丽,成绩低于60分且存在缺勤记录
S19948,Liam,成绩低于60分且存在缺勤记录
S19948,Liam,成绩低于60分且存在缺勤记录
S19955,魏倩欣,成绩低于60分且存在缺勤记录
S19962,韩航浩,成绩低于60分且存在缺勤记录
S19962,韩航浩,成绩低于60分且存在缺勤记录
S19962,韩航浩,成绩低于60分且存在缺勤记录
S19962,韩航浩,成绩低于60分且存在缺勤记录
S19971,赵航,成绩低于60分且存在缺勤记录
S19971,赵航,成绩低于60分且存在缺勤记录
S19971,赵航,成绩低于60分且存在缺勤记录
S19974,Noah,成绩低于60分且存在缺勤记录
S19974,Noah,成绩低于60分且存在缺勤记录
S19982,张丹,成绩低于60分且存在缺勤记录
S19982,张丹,成绩低于60分且存在缺勤记录
S19982,张丹,成绩低于60分且存在缺勤记录
S19982,张丹,成绩低于60分且存在缺勤记录
